-- Auto-generated seed data for Elite4Print migration POC
TRUNCATE TABLE coupon_management_couponusage RESTART IDENTITY CASCADE;
TRUNCATE TABLE coupon_management_coupon_products RESTART IDENTITY CASCADE;
TRUNCATE TABLE coupon_management_coupon RESTART IDENTITY CASCADE;
TRUNCATE TABLE payment_management_pendingrefund RESTART IDENTITY CASCADE;
TRUNCATE TABLE payment_management_payment RESTART IDENTITY CASCADE;
TRUNCATE TABLE order_management_orderitemmemo RESTART IDENTITY CASCADE;
TRUNCATE TABLE order_management_orderitems RESTART IDENTITY CASCADE;
TRUNCATE TABLE order_management_order RESTART IDENTITY CASCADE;
TRUNCATE TABLE product_management_product RESTART IDENTITY CASCADE;
TRUNCATE TABLE product_management_productcategory RESTART IDENTITY CASCADE;
TRUNCATE TABLE authentications_user RESTART IDENTITY CASCADE;

INSERT INTO authentications_user (id, password, last_login, is_superuser, email, is_staff, is_active, created_at, updated_at) VALUES
(1, 'pbkdf2_sha256$fake$password1', NULL, FALSE, 'user1@example.com', FALSE, TRUE, NOW(), NOW()),
(2, 'pbkdf2_sha256$fake$password2', NULL, FALSE, 'user2@example.com', FALSE, TRUE, NOW(), NOW()),
(3, 'pbkdf2_sha256$fake$password3', NULL, FALSE, 'user3@example.com', FALSE, TRUE, NOW(), NOW()),
(4, 'pbkdf2_sha256$fake$password4', NULL, FALSE, 'user4@example.com', FALSE, TRUE, NOW(), NOW()),
(5, 'pbkdf2_sha256$fake$password5', NULL, FALSE, 'user5@example.com', FALSE, TRUE, NOW(), NOW()),
(6, 'pbkdf2_sha256$fake$password6', NULL, FALSE, 'user6@example.com', FALSE, TRUE, NOW(), NOW()),
(7, 'pbkdf2_sha256$fake$password7', NULL, FALSE, 'user7@example.com', FALSE, TRUE, NOW(), NOW()),
(8, 'pbkdf2_sha256$fake$password8', NULL, FALSE, 'user8@example.com', FALSE, TRUE, NOW(), NOW()),
(9, 'pbkdf2_sha256$fake$password9', NULL, FALSE, 'user9@example.com', FALSE, TRUE, NOW(), NOW()),
(10, 'pbkdf2_sha256$fake$password10', NULL, FALSE, 'user10@example.com', FALSE, TRUE, NOW(), NOW());

INSERT INTO product_management_productcategory (id, name, created_at, updated_at) VALUES
(1, 'Business Cards', NOW(), NOW()),
(2, 'Flyers', NOW(), NOW()),
(3, 'Brochures', NOW(), NOW()),
(4, 'Posters', NOW(), NOW()),
(5, 'Banners', NOW(), NOW());

INSERT INTO product_management_product (id, category_id, name, description, product_id, created_by_id, product_type, min_price, max_price, sqr_ft_price, shop_rate_per_hr, is_active, on_draft, base_turnaround, combined_shipping, ordering, show_faq, shipping_type, created_at, updated_at) VALUES
(1, 1, 'Product 001', 'Description for Product 001', 'PRD-00001', 1, 'OFFSET', 452.93, 679.39, 45.29, 25.0000, TRUE, FALSE, 2, FALSE, 1, TRUE, 'DEFAULT', NOW(), NOW()),
(2, 2, 'Product 002', 'Description for Product 002', 'PRD-00002', 1, 'OFFSET', 277.34, 416.01, 27.73, 25.0000, TRUE, FALSE, 2, FALSE, 1, TRUE, 'DEFAULT', NOW(), NOW()),
(3, 3, 'Product 003', 'Description for Product 003', 'PRD-00003', 1, 'OFFSET', 418.95, 628.43, 41.90, 25.0000, TRUE, FALSE, 2, FALSE, 1, TRUE, 'DEFAULT', NOW(), NOW()),
(4, 4, 'Product 004', 'Description for Product 004', 'PRD-00004', 1, 'OFFSET', 295.43, 443.14, 29.54, 25.0000, TRUE, FALSE, 2, FALSE, 1, TRUE, 'DEFAULT', NOW(), NOW()),
(5, 5, 'Product 005', 'Description for Product 005', 'PRD-00005', 1, 'OFFSET', 82.57, 123.85, 8.26, 25.0000, TRUE, FALSE, 2, FALSE, 1, TRUE, 'DEFAULT', NOW(), NOW()),
(6, 1, 'Product 006', 'Description for Product 006', 'PRD-00006', 1, 'OFFSET', 72.45, 108.67, 7.24, 25.0000, TRUE, FALSE, 2, FALSE, 1, TRUE, 'DEFAULT', NOW(), NOW()),
(7, 2, 'Product 007', 'Description for Product 007', 'PRD-00007', 1, 'OFFSET', 161.05, 241.57, 16.10, 25.0000, TRUE, FALSE, 2, FALSE, 1, TRUE, 'DEFAULT', NOW(), NOW()),
(8, 3, 'Product 008', 'Description for Product 008', 'PRD-00008', 1, 'OFFSET', 450.50, 675.75, 45.05, 25.0000, TRUE, FALSE, 2, FALSE, 1, TRUE, 'DEFAULT', NOW(), NOW()),
(9, 4, 'Product 009', 'Description for Product 009', 'PRD-00009', 1, 'OFFSET', 400.10, 600.15, 40.01, 25.0000, TRUE, FALSE, 2, FALSE, 1, TRUE, 'DEFAULT', NOW(), NOW()),
(10, 5, 'Product 010', 'Description for Product 010', 'PRD-00010', 1, 'OFFSET', 431.74, 647.62, 43.17, 25.0000, TRUE, FALSE, 2, FALSE, 1, TRUE, 'DEFAULT', NOW(), NOW()),
(11, 1, 'Product 011', 'Description for Product 011', 'PRD-00011', 1, 'OFFSET', 450.47, 675.71, 45.05, 25.0000, TRUE, FALSE, 2, FALSE, 1, TRUE, 'DEFAULT', NOW(), NOW()),
(12, 2, 'Product 012', 'Description for Product 012', 'PRD-00012', 1, 'OFFSET', 112.94, 169.41, 11.29, 25.0000, TRUE, FALSE, 2, FALSE, 1, TRUE, 'DEFAULT', NOW(), NOW()),
(13, 3, 'Product 013', 'Description for Product 013', 'PRD-00013', 1, 'OFFSET', 132.27, 198.40, 13.23, 25.0000, TRUE, FALSE, 2, FALSE, 1, TRUE, 'DEFAULT', NOW(), NOW()),
(14, 4, 'Product 014', 'Description for Product 014', 'PRD-00014', 1, 'OFFSET', 60.37, 90.55, 6.04, 25.0000, TRUE, FALSE, 2, FALSE, 1, TRUE, 'DEFAULT', NOW(), NOW()),
(15, 5, 'Product 015', 'Description for Product 015', 'PRD-00015', 1, 'OFFSET', 392.26, 588.39, 39.23, 25.0000, TRUE, FALSE, 2, FALSE, 1, TRUE, 'DEFAULT', NOW(), NOW()),
(16, 1, 'Product 016', 'Description for Product 016', 'PRD-00016', 1, 'OFFSET', 443.23, 664.84, 44.32, 25.0000, TRUE, FALSE, 2, FALSE, 1, TRUE, 'DEFAULT', NOW(), NOW()),
(17, 2, 'Product 017', 'Description for Product 017', 'PRD-00017', 1, 'OFFSET', 209.12, 313.69, 20.91, 25.0000, TRUE, FALSE, 2, FALSE, 1, TRUE, 'DEFAULT', NOW(), NOW()),
(18, 3, 'Product 018', 'Description for Product 018', 'PRD-00018', 1, 'OFFSET', 314.12, 471.19, 31.41, 25.0000, TRUE, FALSE, 2, FALSE, 1, TRUE, 'DEFAULT', NOW(), NOW()),
(19, 4, 'Product 019', 'Description for Product 019', 'PRD-00019', 1, 'OFFSET', 85.73, 128.60, 8.57, 25.0000, TRUE, FALSE, 2, FALSE, 1, TRUE, 'DEFAULT', NOW(), NOW()),
(20, 5, 'Product 020', 'Description for Product 020', 'PRD-00020', 1, 'OFFSET', 465.64, 698.46, 46.56, 25.0000, TRUE, FALSE, 2, FALSE, 1, TRUE, 'DEFAULT', NOW(), NOW());

INSERT INTO order_management_order (id, user_id, total_price, total_shipping_price, final_price, discount_amount, payment_status, extra_payment, tax_amount, is_additional_payment_paid, original_total_price, original_shipping_price, original_tax_amount, points_used, total_adjustment_amount, total_refunded_amount, order_id, order_ref, created_at, updated_at) VALUES
(1, 3, 2209.47, 3.72, 2231.15, 147.31, 'PAID', 0.00, 165.27, False, 2209.47, 3.72, 165.27, 0, 0.00, 0.00, 'ORD-00001', '{}', '2026-06-09 14:16:50', '2026-06-09 14:16:50'),
(2, 3, 987.23, 5.81, 970.81, 94.14, 'PENDING', 0.00, 71.91, False, 987.23, 5.81, 71.91, 0, 0.00, 0.00, 'ORD-00002', '{}', '2026-06-06 05:56:24', '2026-06-06 05:56:24'),
(3, 1, 1026.24, 41.79, 1138.48, 13.88, 'PAID', 0.00, 84.33, False, 1026.24, 41.79, 84.33, 0, 0.00, 0.00, 'ORD-00003', '{}', '2026-06-10 09:00:44', '2026-06-10 09:00:44'),
(4, 1, 2198.74, 39.18, 2291.54, 116.12, 'PAID', 29.83, 169.74, False, 2198.74, 39.18, 169.74, 0, 0.00, 0.00, 'ORD-00004', '{}', '2026-06-06 14:22:57', '2026-06-06 14:22:57'),
(5, 7, 515.69, 6.66, 491.28, 67.46, 'PARTIALLY_PAID', 0.00, 36.39, False, 515.69, 6.66, 36.39, 0, 0.00, 0.00, 'ORD-00005', '{}', '2026-06-28 23:46:24', '2026-06-28 23:46:24'),
(6, 6, 221.44, 99.64, 323.07, 21.94, 'PAID', 0.00, 23.93, False, 221.44, 99.64, 23.93, 460, 0.00, 0.00, 'ORD-00006', '{}', '2026-06-21 22:29:51', '2026-06-21 22:29:51'),
(7, 7, 1408.31, 28.78, 1408.43, 132.99, 'PAID', 0.00, 104.33, False, 1408.31, 28.78, 104.33, 0, 0.00, 0.00, 'ORD-00007', '{}', '2026-06-15 08:27:46', '2026-06-15 08:27:46'),
(8, 1, 752.94, 64.48, 757.53, 116.00, 'PARTIALLY_PAID', 0.00, 56.11, False, 752.94, 64.48, 56.11, 0, 0.00, 0.00, 'ORD-00008', '{}', '2026-06-15 18:02:22', '2026-06-15 18:02:22'),
(9, 3, 745.28, 99.58, 778.69, 123.85, 'PENDING', 0.00, 57.68, False, 745.28, 99.58, 57.68, 0, 0.00, 0.00, 'ORD-00009', '{}', '2026-06-05 02:47:37', '2026-06-05 02:47:37'),
(10, 1, 649.86, 71.27, 599.91, 165.66, 'PENDING', 0.00, 44.44, False, 649.86, 71.27, 44.44, 0, 0.00, 0.00, 'ORD-00010', '{}', '2026-06-03 05:50:33', '2026-06-03 05:50:33'),
(11, 7, 411.55, 103.14, 436.84, 110.21, 'PENDING', 0.00, 32.36, False, 411.55, 103.14, 32.36, 411, 0.00, 0.00, 'ORD-00011', '{}', '2026-06-12 20:15:43', '2026-06-12 20:15:43'),
(12, 4, 1168.33, 120.21, 1247.42, 133.52, 'PARTIALLY_PAID', 0.00, 92.40, False, 1168.33, 120.21, 92.40, 0, 0.00, 0.00, 'ORD-00012', '{}', '2026-06-06 21:23:33', '2026-06-06 21:23:33'),
(13, 9, 2084.89, 82.18, 2146.64, 179.44, 'PARTIALLY_PAID', 0.00, 159.01, False, 2084.89, 82.18, 159.01, 0, 0.00, 0.00, 'ORD-00013', '{}', '2026-06-21 17:11:19', '2026-06-21 17:11:19'),
(14, 9, 1585.53, 41.19, 1740.12, 15.50, 'PAID', 0.00, 128.90, False, 1585.53, 41.19, 128.90, 0, 0.00, 45.25, 'ORD-00014', '{}', '2026-06-24 12:35:46', '2026-06-24 12:35:46'),
(15, 3, 207.36, 61.14, 253.53, 33.75, 'PAID', 41.64, 18.78, False, 207.36, 61.14, 18.78, 0, 0.00, 0.00, 'ORD-00015', '{}', '2026-06-11 09:16:22', '2026-06-11 09:16:22'),
(16, 10, 1218.60, 141.41, 1404.31, 59.72, 'PAID', 0.00, 104.02, False, 1218.60, 141.41, 104.02, 0, 0.00, 0.00, 'ORD-00016', '{}', '2026-06-19 11:10:32', '2026-06-19 11:10:32'),
(17, 10, 1246.16, 40.94, 1285.17, 97.13, 'PAID', 0.00, 95.20, False, 1246.16, 40.94, 95.20, 0, 0.00, 0.00, 'ORD-00017', '{}', '2026-06-11 16:56:45', '2026-06-11 16:56:45'),
(18, 3, 116.07, 59.10, 167.96, 19.65, 'PENDING', 21.43, 12.44, False, 116.07, 59.10, 12.44, 133, 0.00, 0.00, 'ORD-00018', '{}', '2026-06-26 22:17:55', '2026-06-26 22:17:55'),
(19, 7, 1892.42, 124.79, 2124.10, 50.45, 'PENDING', 0.00, 157.34, False, 1892.42, 124.79, 157.34, 0, 90.38, 0.00, 'ORD-00019', '{}', '2026-06-14 12:11:31', '2026-06-14 12:11:31'),
(20, 1, 2376.55, 29.90, 2594.56, 4.08, 'PENDING', 0.00, 192.19, False, 2376.55, 29.90, 192.19, 0, 0.00, 0.00, 'ORD-00020', '{}', '2026-06-02 12:09:08', '2026-06-02 12:09:08'),
(21, 5, 461.08, 91.09, 484.61, 103.46, 'PENDING', 0.00, 35.90, False, 461.08, 91.09, 35.90, 159, 0.00, 93.59, 'ORD-00021', '{}', '2026-06-18 21:47:37', '2026-06-18 21:47:37'),
(22, 7, 2356.60, 29.75, 2449.36, 118.42, 'PARTIALLY_PAID', 0.00, 181.43, False, 2356.60, 29.75, 181.43, 0, 0.00, 0.00, 'ORD-00022', '{}', '2026-06-20 06:08:08', '2026-06-20 06:08:08'),
(23, 10, 900.65, 64.26, 962.06, 74.11, 'PARTIALLY_PAID', 0.00, 71.26, False, 900.65, 64.26, 71.26, 215, 0.00, 0.00, 'ORD-00023', '{}', '2026-06-02 23:50:55', '2026-06-02 23:50:55'),
(24, 8, 1116.94, 110.07, 1116.63, 193.09, 'PAID', 0.00, 82.71, False, 1116.94, 110.07, 82.71, 0, 0.00, 0.00, 'ORD-00024', '{}', '2026-06-08 10:14:50', '2026-06-08 10:14:50'),
(25, 10, 839.65, 36.82, 744.71, 186.92, 'PAID', 0.00, 55.16, False, 839.65, 36.82, 55.16, 237, 0.00, 0.00, 'ORD-00025', '{}', '2026-06-14 00:42:11', '2026-06-14 00:42:11'),
(26, 8, 495.51, 31.82, 441.43, 118.60, 'PAID', 0.00, 32.70, False, 495.51, 31.82, 32.70, 0, 0.00, 0.00, 'ORD-00026', '{}', '2026-06-16 18:40:07', '2026-06-16 18:40:07'),
(27, 4, 641.32, 60.96, 643.11, 106.81, 'PENDING', 0.00, 47.64, False, 641.32, 60.96, 47.64, 0, 0.00, 0.00, 'ORD-00027', '{}', '2026-06-05 03:44:45', '2026-06-05 03:44:45'),
(28, 4, 1744.88, 45.93, 1808.46, 116.31, 'PAID', 0.00, 133.96, False, 1744.88, 45.93, 133.96, 0, 0.00, 0.00, 'ORD-00028', '{}', '2026-06-20 15:09:40', '2026-06-20 15:09:40'),
(29, 8, 801.23, 34.58, 746.87, 144.26, 'PAID', 0.00, 55.32, False, 801.23, 34.58, 55.32, 0, 0.00, 0.00, 'ORD-00029', '{}', '2026-06-14 03:38:24', '2026-06-14 03:38:24'),
(30, 8, 1825.23, 146.49, 2016.13, 104.93, 'PAID', 0.00, 149.34, False, 1825.23, 146.49, 149.34, 0, 0.00, 0.00, 'ORD-00030', '{}', '2026-06-14 10:08:42', '2026-06-14 10:08:42'),
(31, 9, 722.06, 146.14, 818.13, 110.67, 'PARTIALLY_PAID', 0.00, 60.60, False, 722.06, 146.14, 60.60, 0, 0.00, 0.00, 'ORD-00031', '{}', '2026-06-07 03:28:46', '2026-06-07 03:28:46'),
(32, 5, 1222.85, 51.11, 1167.33, 193.10, 'PAID', 0.00, 86.47, False, 1222.85, 51.11, 86.47, 0, 0.00, 0.00, 'ORD-00032', '{}', '2026-06-23 18:53:12', '2026-06-23 18:53:12'),
(33, 1, 415.53, 84.43, 499.05, 37.88, 'PENDING', 0.00, 36.97, False, 415.53, 84.43, 36.97, 0, 0.00, 0.00, 'ORD-00033', '{}', '2026-06-08 08:46:28', '2026-06-08 08:46:28'),
(34, 9, 1153.76, 66.41, 1131.99, 172.03, 'PAID', 0.00, 83.85, False, 1153.76, 66.41, 83.85, 0, 0.00, 0.00, 'ORD-00034', '{}', '2026-06-19 11:10:20', '2026-06-19 11:10:20'),
(35, 4, 698.38, 12.18, 715.60, 47.97, 'PARTIALLY_PAID', 0.13, 53.01, False, 698.38, 12.18, 53.01, 0, 0.00, 86.43, 'ORD-00035', '{}', '2026-06-11 05:51:42', '2026-06-11 05:51:42'),
(36, 8, 1734.09, 138.59, 1852.32, 157.57, 'PARTIALLY_PAID', 0.00, 137.21, False, 1734.09, 138.59, 137.21, 0, 0.00, 0.00, 'ORD-00036', '{}', '2026-06-04 10:55:48', '2026-06-04 10:55:48'),
(37, 3, 2075.25, 10.71, 2217.00, 33.18, 'PAID', 0.00, 164.22, False, 2075.25, 10.71, 164.22, 0, 0.00, 0.00, 'ORD-00037', '{}', '2026-06-13 21:29:02', '2026-06-13 21:29:02'),
(38, 5, 2359.56, 75.07, 2522.74, 98.76, 'PENDING', 0.00, 186.87, False, 2359.56, 75.07, 186.87, 0, 0.00, 0.00, 'ORD-00038', '{}', '2026-06-20 12:57:22', '2026-06-20 12:57:22'),
(39, 4, 1488.45, 3.11, 1445.70, 152.95, 'PAID', 0.00, 107.09, False, 1488.45, 3.11, 107.09, 0, 0.00, 0.00, 'ORD-00039', '{}', '2026-06-28 22:09:18', '2026-06-28 22:09:18'),
(40, 5, 2492.52, 65.38, 2586.65, 162.85, 'PENDING', 0.00, 191.60, False, 2492.52, 65.38, 191.60, 0, 0.00, 0.00, 'ORD-00040', '{}', '2026-06-09 19:26:59', '2026-06-09 19:26:59'),
(41, 7, 756.13, 141.78, 794.02, 162.71, 'PARTIALLY_PAID', 4.40, 58.82, False, 756.13, 141.78, 58.82, 0, 0.00, 0.00, 'ORD-00041', '{}', '2026-06-25 01:15:46', '2026-06-25 01:15:46'),
(42, 1, 1181.84, 8.13, 1173.18, 103.69, 'PARTIALLY_PAID', 0.00, 86.90, False, 1181.84, 8.13, 86.90, 0, 0.00, 0.00, 'ORD-00042', '{}', '2026-06-27 08:10:01', '2026-06-27 08:10:01'),
(43, 5, 2208.07, 72.71, 2457.01, 5.77, 'PARTIALLY_PAID', 0.00, 182.00, False, 2208.07, 72.71, 182.00, 81, 0.00, 122.40, 'ORD-00043', '{}', '2026-06-22 06:26:31', '2026-06-22 06:26:31'),
(44, 2, 2370.30, 97.16, 2631.60, 30.79, 'PARTIALLY_PAID', 0.00, 194.93, False, 2370.30, 97.16, 194.93, 0, 0.00, 0.00, 'ORD-00044', '{}', '2026-06-23 09:37:31', '2026-06-23 09:37:31'),
(45, 8, 404.37, 28.59, 389.07, 72.71, 'PARTIALLY_PAID', 0.00, 28.82, False, 404.37, 28.59, 28.82, 0, 0.00, 0.00, 'ORD-00045', '{}', '2026-06-27 18:16:12', '2026-06-27 18:16:12'),
(46, 9, 2060.35, 42.43, 2206.52, 59.71, 'PARTIALLY_PAID', 0.00, 163.45, False, 2060.35, 42.43, 163.45, 0, 0.00, 0.00, 'ORD-00046', '{}', '2026-06-13 23:16:42', '2026-06-13 23:16:42'),
(47, 6, 1919.04, 56.58, 1932.17, 186.57, 'PENDING', 0.00, 143.12, False, 1919.04, 56.58, 143.12, 196, 0.00, 0.00, 'ORD-00047', '{}', '2026-06-27 19:01:48', '2026-06-27 19:01:48'),
(48, 8, 995.89, 99.55, 1005.79, 164.15, 'PENDING', 0.00, 74.50, False, 995.89, 99.55, 74.50, 257, 0.00, 0.00, 'ORD-00048', '{}', '2026-06-19 12:09:58', '2026-06-19 12:09:58'),
(49, 8, 1338.58, 68.54, 1363.64, 144.49, 'PAID', 0.00, 101.01, False, 1338.58, 68.54, 101.01, 0, 56.31, 0.00, 'ORD-00049', '{}', '2026-06-05 20:10:20', '2026-06-05 20:10:20'),
(50, 7, 2136.82, 127.85, 2260.22, 171.87, 'PAID', 0.00, 167.42, False, 2136.82, 127.85, 167.42, 0, 0.00, 0.00, 'ORD-00050', '{}', '2026-06-04 21:34:25', '2026-06-04 21:34:25'),
(51, 10, 625.19, 102.66, 727.87, 53.90, 'PENDING', 0.00, 53.92, False, 625.19, 102.66, 53.92, 0, 26.75, 0.00, 'ORD-00051', '{}', '2026-06-04 07:42:56', '2026-06-04 07:42:56'),
(52, 5, 162.68, 119.42, 289.20, 14.32, 'PAID', 0.00, 21.42, False, 162.68, 119.42, 21.42, 210, 0.00, 0.00, 'ORD-00052', '{}', '2026-06-02 09:43:32', '2026-06-02 09:43:32'),
(53, 2, 2183.56, 92.96, 2406.62, 48.17, 'PARTIALLY_PAID', 0.00, 178.27, False, 2183.56, 92.96, 178.27, 0, 0.00, 0.00, 'ORD-00053', '{}', '2026-06-30 14:06:32', '2026-06-30 14:06:32'),
(54, 8, 1710.15, 23.70, 1777.14, 88.35, 'PAID', 0.00, 131.64, False, 1710.15, 23.70, 131.64, 492, 0.00, 0.00, 'ORD-00054', '{}', '2026-06-14 23:06:53', '2026-06-14 23:06:53'),
(55, 4, 2140.67, 16.00, 2246.83, 76.27, 'PAID', 0.00, 166.43, False, 2140.67, 16.00, 166.43, 0, 0.00, 0.00, 'ORD-00055', '{}', '2026-06-19 16:11:59', '2026-06-19 16:11:59'),
(56, 5, 1436.53, 102.87, 1501.71, 148.93, 'PENDING', 0.00, 111.24, False, 1436.53, 102.87, 111.24, 0, 0.00, 0.00, 'ORD-00056', '{}', '2026-06-01 09:26:04', '2026-06-01 09:26:04'),
(57, 4, 2014.73, 32.85, 2170.31, 38.03, 'PAID', 0.00, 160.76, False, 2014.73, 32.85, 160.76, 0, 0.00, 0.00, 'ORD-00057', '{}', '2026-06-30 11:16:54', '2026-06-30 11:16:54'),
(58, 1, 1982.10, 5.00, 2067.26, 72.97, 'PENDING', 14.76, 153.13, False, 1982.10, 5.00, 153.13, 67, 0.00, 0.00, 'ORD-00058', '{}', '2026-06-15 23:55:57', '2026-06-15 23:55:57'),
(59, 9, 2084.66, 38.55, 2114.93, 164.94, 'PAID', 0.00, 156.66, False, 2084.66, 38.55, 156.66, 445, 0.00, 0.00, 'ORD-00059', '{}', '2026-06-14 05:31:01', '2026-06-14 05:31:01'),
(60, 3, 2157.34, 108.63, 2235.58, 195.99, 'PARTIALLY_PAID', 0.00, 165.60, False, 2157.34, 108.63, 165.60, 0, 7.31, 0.00, 'ORD-00060', '{}', '2026-06-11 22:51:35', '2026-06-11 22:51:35'),
(61, 5, 983.51, 95.78, 1085.40, 74.29, 'PARTIALLY_PAID', 0.00, 80.40, False, 983.51, 95.78, 80.40, 452, 0.00, 0.00, 'ORD-00061', '{}', '2026-06-29 09:03:41', '2026-06-29 09:03:41'),
(62, 2, 2278.00, 45.33, 2421.00, 81.66, 'PENDING', 1.86, 179.33, False, 2278.00, 45.33, 179.33, 120, 0.00, 0.00, 'ORD-00062', '{}', '2026-06-23 12:54:38', '2026-06-23 12:54:38'),
(63, 9, 1488.98, 108.99, 1534.56, 177.08, 'PARTIALLY_PAID', 24.47, 113.67, False, 1488.98, 108.99, 113.67, 0, 0.00, 0.00, 'ORD-00063', '{}', '2026-06-21 08:19:04', '2026-06-21 08:19:04'),
(64, 8, 2145.85, 14.90, 2185.50, 137.14, 'PARTIALLY_PAID', 0.00, 161.89, False, 2145.85, 14.90, 161.89, 0, -44.82, 0.00, 'ORD-00064', '{}', '2026-06-12 11:05:27', '2026-06-12 11:05:27'),
(65, 8, 1673.78, 96.26, 1782.66, 119.43, 'PENDING', 16.68, 132.05, True, 1673.78, 96.26, 132.05, 0, 0.00, 0.00, 'ORD-00065', '{}', '2026-06-05 10:48:25', '2026-06-05 10:48:25'),
(66, 10, 2041.98, 34.95, 2075.82, 154.87, 'PARTIALLY_PAID', 42.92, 153.76, True, 2041.98, 34.95, 153.76, 0, 0.00, 0.00, 'ORD-00066', '{}', '2026-06-11 11:36:04', '2026-06-11 11:36:04'),
(67, 1, 86.41, 118.50, 214.64, 6.17, 'PAID', 13.27, 15.90, True, 86.41, 118.50, 15.90, 0, 0.00, 0.00, 'ORD-00067', '{}', '2026-06-07 09:33:41', '2026-06-07 09:33:41'),
(68, 6, 1504.48, 67.80, 1650.21, 44.31, 'PARTIALLY_PAID', 39.16, 122.24, False, 1504.48, 67.80, 122.24, 0, 0.00, 143.69, 'ORD-00068', '{}', '2026-06-25 21:57:55', '2026-06-25 21:57:55'),
(69, 2, 1795.38, 66.53, 1816.62, 179.85, 'PAID', 0.00, 134.56, False, 1795.38, 66.53, 134.56, 140, 0.00, 0.00, 'ORD-00069', '{}', '2026-06-24 19:12:15', '2026-06-24 19:12:15'),
(70, 7, 1349.86, 68.06, 1400.58, 121.09, 'PENDING', 0.00, 103.75, False, 1349.86, 68.06, 103.75, 335, 0.00, 0.00, 'ORD-00070', '{}', '2026-06-30 00:00:42', '2026-06-30 00:00:42'),
(71, 4, 1156.31, 34.27, 1212.61, 67.79, 'PAID', 0.00, 89.82, False, 1156.31, 34.27, 89.82, 0, 0.00, 0.00, 'ORD-00071', '{}', '2026-06-21 21:04:03', '2026-06-21 21:04:03'),
(72, 3, 214.48, 124.77, 359.91, 6.00, 'PENDING', 0.00, 26.66, False, 214.48, 124.77, 26.66, 0, 0.00, 286.99, 'ORD-00072', '{}', '2026-06-24 00:33:42', '2026-06-24 00:33:42'),
(73, 2, 916.32, 99.80, 935.34, 150.06, 'PARTIALLY_PAID', 14.38, 69.28, False, 916.32, 99.80, 69.28, 0, 0.00, 0.00, 'ORD-00073', '{}', '2026-06-20 22:37:35', '2026-06-20 22:37:35'),
(74, 4, 907.78, 83.44, 1045.70, 22.98, 'PAID', 0.00, 77.46, False, 907.78, 83.44, 77.46, 0, 0.00, 0.00, 'ORD-00074', '{}', '2026-06-06 06:04:59', '2026-06-06 06:04:59'),
(75, 10, 114.32, 139.36, 243.25, 28.45, 'PAID', 13.66, 18.02, False, 114.32, 139.36, 18.02, 0, 0.00, 0.00, 'ORD-00075', '{}', '2026-06-28 00:38:54', '2026-06-28 00:38:54'),
(76, 7, 397.59, 94.98, 528.02, 3.66, 'PARTIALLY_PAID', 0.00, 39.11, False, 397.59, 94.98, 39.11, 0, 0.00, 0.00, 'ORD-00076', '{}', '2026-06-04 09:04:21', '2026-06-04 09:04:21'),
(77, 6, 1510.75, 132.50, 1741.10, 31.12, 'PARTIALLY_PAID', 4.08, 128.97, False, 1510.75, 132.50, 128.97, 0, 0.00, 0.00, 'ORD-00077', '{}', '2026-06-28 13:17:38', '2026-06-28 13:17:38'),
(78, 9, 895.67, 16.63, 838.79, 135.64, 'PARTIALLY_PAID', 0.00, 62.13, False, 895.67, 16.63, 62.13, 0, -20.95, 0.00, 'ORD-00078', '{}', '2026-06-06 12:36:24', '2026-06-06 12:36:24'),
(79, 5, 1930.01, 114.62, 2145.68, 57.89, 'PENDING', 37.35, 158.94, True, 1930.01, 114.62, 158.94, 272, 0.00, 0.00, 'ORD-00079', '{}', '2026-06-11 06:06:18', '2026-06-11 06:06:18'),
(80, 6, 1022.82, 111.31, 1130.64, 87.24, 'PAID', 0.00, 83.75, False, 1022.82, 111.31, 83.75, 0, 0.00, 0.00, 'ORD-00080', '{}', '2026-06-04 11:58:25', '2026-06-04 11:58:25'),
(81, 7, 332.17, 3.13, 327.18, 32.36, 'PARTIALLY_PAID', 0.00, 24.24, False, 332.17, 3.13, 24.24, 0, 0.00, 0.00, 'ORD-00081', '{}', '2026-06-15 01:18:33', '2026-06-15 01:18:33'),
(82, 7, 1031.10, 11.80, 938.30, 174.10, 'PARTIALLY_PAID', 0.00, 69.50, False, 1031.10, 11.80, 69.50, 0, 0.00, 0.00, 'ORD-00082', '{}', '2026-06-29 14:05:04', '2026-06-29 14:05:04'),
(83, 9, 2269.51, 52.41, 2350.56, 145.48, 'PARTIALLY_PAID', 0.00, 174.12, False, 2269.51, 52.41, 174.12, 74, 0.00, 0.00, 'ORD-00083', '{}', '2026-06-10 09:54:50', '2026-06-10 09:54:50'),
(84, 2, 2380.67, 94.19, 2572.64, 92.79, 'PARTIALLY_PAID', 0.00, 190.57, False, 2380.67, 94.19, 190.57, 0, 0.00, 0.00, 'ORD-00084', '{}', '2026-06-09 14:23:23', '2026-06-09 14:23:23'),
(85, 10, 2167.40, 94.08, 2409.79, 30.19, 'PENDING', 0.00, 178.50, False, 2167.40, 94.08, 178.50, 0, 0.00, 0.00, 'ORD-00085', '{}', '2026-06-16 16:33:52', '2026-06-16 16:33:52'),
(86, 2, 1181.27, 5.64, 1202.21, 73.75, 'PAID', 43.21, 89.05, True, 1181.27, 5.64, 89.05, 0, 0.00, 0.00, 'ORD-00086', '{}', '2026-06-16 01:39:03', '2026-06-16 01:39:03'),
(87, 1, 2277.17, 85.75, 2511.29, 37.65, 'PARTIALLY_PAID', 0.00, 186.02, False, 2277.17, 85.75, 186.02, 31, 0.00, 0.00, 'ORD-00087', '{}', '2026-06-22 19:58:38', '2026-06-22 19:58:38'),
(88, 2, 1633.01, 5.87, 1617.15, 141.52, 'PAID', 0.00, 119.79, False, 1633.01, 5.87, 119.79, 0, 0.00, 0.00, 'ORD-00088', '{}', '2026-06-25 11:50:30', '2026-06-25 11:50:30'),
(89, 6, 178.30, 94.63, 275.43, 17.90, 'PAID', 33.92, 20.40, False, 178.30, 94.63, 20.40, 436, 0.00, 0.00, 'ORD-00089', '{}', '2026-06-30 00:35:14', '2026-06-30 00:35:14'),
(90, 6, 1477.71, 21.21, 1543.28, 69.96, 'PARTIALLY_PAID', 0.00, 114.32, False, 1477.71, 21.21, 114.32, 0, 0.00, 0.00, 'ORD-00090', '{}', '2026-06-04 22:57:23', '2026-06-04 22:57:23'),
(91, 7, 2042.30, 100.52, 2135.19, 165.79, 'PARTIALLY_PAID', 0.00, 158.16, False, 2042.30, 100.52, 158.16, 0, 34.09, 0.00, 'ORD-00091', '{}', '2026-06-16 22:42:09', '2026-06-16 22:42:09'),
(92, 5, 2380.36, 51.26, 2460.66, 153.23, 'PENDING', 0.00, 182.27, False, 2380.36, 51.26, 182.27, 39, 0.00, 0.00, 'ORD-00092', '{}', '2026-06-09 18:01:16', '2026-06-09 18:01:16'),
(93, 9, 142.48, 50.51, 173.05, 32.76, 'PENDING', 0.00, 12.82, False, 142.48, 50.51, 12.82, 92, 0.00, 0.00, 'ORD-00093', '{}', '2026-06-26 13:27:12', '2026-06-26 13:27:12'),
(94, 3, 157.05, 54.64, 192.01, 33.90, 'PAID', 0.00, 14.22, False, 157.05, 54.64, 14.22, 0, 0.00, 0.00, 'ORD-00094', '{}', '2026-06-22 05:55:34', '2026-06-22 05:55:34'),
(95, 8, 951.21, 142.07, 968.10, 196.89, 'PAID', 0.00, 71.71, False, 951.21, 142.07, 71.71, 0, 0.00, 0.00, 'ORD-00095', '{}', '2026-06-10 10:02:41', '2026-06-10 10:02:41'),
(96, 4, 389.08, 37.50, 379.88, 74.84, 'PAID', 0.00, 28.14, False, 389.08, 37.50, 28.14, 433, 0.00, 0.00, 'ORD-00096', '{}', '2026-06-30 08:29:01', '2026-06-30 08:29:01'),
(97, 3, 1150.83, 77.00, 1146.55, 166.21, 'PENDING', 0.00, 84.93, False, 1150.83, 77.00, 84.93, 230, 0.00, 0.00, 'ORD-00097', '{}', '2026-06-14 05:49:28', '2026-06-14 05:49:28'),
(98, 7, 966.21, 57.92, 1088.43, 16.32, 'PENDING', 46.54, 80.62, False, 966.21, 57.92, 80.62, 0, 0.00, 0.00, 'ORD-00098', '{}', '2026-06-25 08:52:49', '2026-06-25 08:52:49'),
(99, 3, 1149.07, 0.79, 1224.73, 15.85, 'PAID', 0.00, 90.72, False, 1149.07, 0.79, 90.72, 481, 0.00, 0.00, 'ORD-00099', '{}', '2026-06-23 18:33:09', '2026-06-23 18:33:09'),
(100, 5, 787.82, 7.16, 767.89, 83.97, 'PARTIALLY_PAID', 0.00, 56.88, False, 787.82, 7.16, 56.88, 463, 0.00, 0.00, 'ORD-00100', '{}', '2026-06-12 12:52:14', '2026-06-12 12:52:14');

INSERT INTO order_management_orderitems (id, order_id, job_id, job_name, job_status, group_id, process_status, product_id, item_code, paper, size, quantity, coating, color, trim_size, price, original_price, notes, admin_notes, turnaround, turnaround_day, due_date, cut_off_time, file_editable, shipping_editable, pickup_location, created_at, updated_at) VALUES
(1, 1, 'JOB-000001', 'Job 1', 'PENDING', 'e0745ed7-7b5f-4298-90c4-8ad1bf2c7012', '3', 8, 'ITM-00001', 'Premium Paper', '8.5x11', 1276, 'UV Coating', '4/4 Color', '8.5x11', 247.19, 247.19, NULL, NULL, '2 Business days', 2, NULL, '18:00:00', FALSE, TRUE, NULL, NOW(), NOW()),
(2, 1, 'JOB-000002', 'Job 2', 'SHIPPED', 'e0745ed7-7b5f-4298-90c4-8ad1bf2c7012', '1', 8, 'ITM-00002', 'Premium Paper', '8.5x11', 4774, 'UV Coating', '4/4 Color', '8.5x11', 344.92, 344.92, NULL, NULL, '2 Business days', 2, NULL, '18:00:00', FALSE, TRUE, NULL, NOW(), NOW()),
(3, 1, 'JOB-000003', 'Job 3', 'FOIL_STAMPING', 'e0745ed7-7b5f-4298-90c4-8ad1bf2c7012', '1', 17, 'ITM-00003', 'Premium Paper', '8.5x11', 3054, 'UV Coating', '4/4 Color', '8.5x11', 72.79, 72.79, NULL, NULL, '2 Business days', 2, NULL, '18:00:00', FALSE, TRUE, NULL, NOW(), NOW()),
(4, 2, 'JOB-000004', 'Job 4', 'BINDERY', 'e5357020-f062-4fa4-ad84-c1e548f55fff', '3', 16, 'ITM-00004', 'Premium Paper', '8.5x11', 456, 'UV Coating', '4/4 Color', '8.5x11', 515.82, 515.82, NULL, NULL, '2 Business days', 2, NULL, '18:00:00', FALSE, TRUE, NULL, NOW(), NOW()),
(5, 2, 'JOB-000005', 'Job 5', 'BINDERY', 'e5357020-f062-4fa4-ad84-c1e548f55fff', '2', 1, 'ITM-00005', 'Premium Paper', '8.5x11', 3025, 'UV Coating', '4/4 Color', '8.5x11', 635.05, 635.05, NULL, NULL, '2 Business days', 2, NULL, '18:00:00', FALSE, TRUE, NULL, NOW(), NOW()),
(6, 3, 'JOB-000006', 'Job 6', 'CUTTING', '5759edd2-6368-4046-9148-f7a5c8a1aed6', '2', 4, 'ITM-00006', 'Premium Paper', '8.5x11', 4866, 'UV Coating', '4/4 Color', '8.5x11', 593.45, 593.45, NULL, NULL, '2 Business days', 2, NULL, '18:00:00', FALSE, TRUE, NULL, NOW(), NOW()),
(7, 3, 'JOB-000007', 'Job 7', 'CANCELED', '5759edd2-6368-4046-9148-f7a5c8a1aed6', '2', 2, 'ITM-00007', 'Premium Paper', '8.5x11', 2986, 'UV Coating', '4/4 Color', '8.5x11', 445.89, 445.89, NULL, NULL, '2 Business days', 2, NULL, '18:00:00', FALSE, TRUE, NULL, NOW(), NOW()),
(8, 3, 'JOB-000008', 'Job 8', 'COMPLETE', '5759edd2-6368-4046-9148-f7a5c8a1aed6', '2', 15, 'ITM-00008', 'Premium Paper', '8.5x11', 4020, 'UV Coating', '4/4 Color', '8.5x11', 512.75, 512.75, NULL, NULL, '2 Business days', 2, NULL, '18:00:00', FALSE, TRUE, NULL, NOW(), NOW()),
(9, 4, 'JOB-000009', 'Job 9', 'RECEIVED-ARTWORK', 'd1723710-eaf8-44a6-b179-3c1b23aca558', '2', 15, 'ITM-00009', 'Premium Paper', '8.5x11', 402, 'UV Coating', '4/4 Color', '8.5x11', 248.89, 248.89, NULL, NULL, '2 Business days', 2, NULL, '18:00:00', FALSE, TRUE, NULL, NOW(), NOW()),
(10, 5, 'JOB-000010', 'Job 10', 'CANCELED', 'f09d7dc5-154d-4f16-b782-e23f489f8abf', NULL, 11, 'ITM-00010', 'Premium Paper', '8.5x11', 2640, 'UV Coating', '4/4 Color', '8.5x11', 422.00, 422.00, NULL, NULL, '2 Business days', 2, NULL, '18:00:00', FALSE, TRUE, NULL, NOW(), NOW()),
(11, 6, 'JOB-000011', 'Job 11', 'HOLD', '9fe51f13-73d0-432c-9005-25f4b3243d7a', '1', 2, 'ITM-00011', 'Premium Paper', '8.5x11', 1665, 'UV Coating', '4/4 Color', '8.5x11', 243.17, 243.17, NULL, NULL, '2 Business days', 2, NULL, '18:00:00', FALSE, TRUE, NULL, NOW(), NOW()),
(12, 6, 'JOB-000012', 'Job 12', 'BINDERY', '9fe51f13-73d0-432c-9005-25f4b3243d7a', NULL, 11, 'ITM-00012', 'Premium Paper', '8.5x11', 2338, 'UV Coating', '4/4 Color', '8.5x11', 117.09, 117.09, NULL, NULL, '2 Business days', 2, NULL, '18:00:00', FALSE, TRUE, NULL, NOW(), NOW()),
(13, 7, 'JOB-000013', 'Job 13', 'PLATED', '3f14109e-eb4d-44e2-9c06-621447439bb0', NULL, 15, 'ITM-00013', 'Premium Paper', '8.5x11', 3267, 'UV Coating', '4/4 Color', '8.5x11', 284.45, 284.45, NULL, NULL, '2 Business days', 2, NULL, '18:00:00', FALSE, TRUE, NULL, NOW(), NOW()),
(14, 7, 'JOB-000014', 'Job 14', 'FOIL_STAMPING', '3f14109e-eb4d-44e2-9c06-621447439bb0', '3', 16, 'ITM-00014', 'Premium Paper', '8.5x11', 3109, 'UV Coating', '4/4 Color', '8.5x11', 740.96, 740.96, NULL, NULL, '2 Business days', 2, NULL, '18:00:00', FALSE, TRUE, NULL, NOW(), NOW()),
(15, 8, 'JOB-000015', 'Job 15', 'CANCELED', '55e717c7-e29d-4546-b8a6-e00a1030bbc7', '2', 14, 'ITM-00015', 'Premium Paper', '8.5x11', 746, 'UV Coating', '4/4 Color', '8.5x11', 355.87, 355.87, NULL, NULL, '2 Business days', 2, NULL, '18:00:00', FALSE, TRUE, NULL, NOW(), NOW()),
(16, 9, 'JOB-000016', 'Job 16', 'CUTTING', '2abd90a9-8d79-474b-9f18-a851e0093fb1', '3', 10, 'ITM-00016', 'Premium Paper', '8.5x11', 2731, 'UV Coating', '4/4 Color', '8.5x11', 100.03, 100.03, NULL, NULL, '2 Business days', 2, NULL, '18:00:00', FALSE, TRUE, NULL, NOW(), NOW()),
(17, 9, 'JOB-000017', 'Job 17', 'FINISHING', '2abd90a9-8d79-474b-9f18-a851e0093fb1', '2', 10, 'ITM-00017', 'Premium Paper', '8.5x11', 3752, 'UV Coating', '4/4 Color', '8.5x11', 490.04, 490.04, NULL, NULL, '2 Business days', 2, NULL, '18:00:00', FALSE, TRUE, NULL, NOW(), NOW()),
(18, 9, 'JOB-000018', 'Job 18', 'APPROVED', '2abd90a9-8d79-474b-9f18-a851e0093fb1', '3', 15, 'ITM-00018', 'Premium Paper', '8.5x11', 2979, 'UV Coating', '4/4 Color', '8.5x11', 368.76, 368.76, NULL, NULL, '2 Business days', 2, NULL, '18:00:00', FALSE, TRUE, NULL, NOW(), NOW()),
(19, 10, 'JOB-000019', 'Job 19', 'COMPLETE', 'be3f7fb0-ed3f-4171-85b0-a83867341479', '1', 14, 'ITM-00019', 'Premium Paper', '8.5x11', 2349, 'UV Coating', '4/4 Color', '8.5x11', 518.79, 518.79, NULL, NULL, '2 Business days', 2, NULL, '18:00:00', FALSE, TRUE, NULL, NOW(), NOW()),
(20, 10, 'JOB-000020', 'Job 20', 'COMPLETE', 'be3f7fb0-ed3f-4171-85b0-a83867341479', '2', 3, 'ITM-00020', 'Premium Paper', '8.5x11', 3427, 'UV Coating', '4/4 Color', '8.5x11', 303.38, 303.38, NULL, NULL, '2 Business days', 2, NULL, '18:00:00', FALSE, TRUE, NULL, NOW(), NOW()),
(21, 10, 'JOB-000021', 'Job 21', 'SHIPPED', 'be3f7fb0-ed3f-4171-85b0-a83867341479', NULL, 1, 'ITM-00021', 'Premium Paper', '8.5x11', 1269, 'UV Coating', '4/4 Color', '8.5x11', 681.96, 681.96, NULL, NULL, '2 Business days', 2, NULL, '18:00:00', FALSE, TRUE, NULL, NOW(), NOW()),
(22, 11, 'JOB-000022', 'Job 22', 'READY_FOR_DELIVERY', 'c5a4959d-e96f-4706-90a7-4c8f747e2f8e', '3', 5, 'ITM-00022', 'Premium Paper', '8.5x11', 650, 'UV Coating', '4/4 Color', '8.5x11', 204.08, 204.08, NULL, NULL, '2 Business days', 2, NULL, '18:00:00', FALSE, TRUE, NULL, NOW(), NOW()),
(23, 12, 'JOB-000023', 'Job 23', 'BATCHED', '09f7aea9-2b60-48c9-8a68-14d9eb8884bb', NULL, 13, 'ITM-00023', 'Premium Paper', '8.5x11', 4746, 'UV Coating', '4/4 Color', '8.5x11', 45.26, 45.26, NULL, NULL, '2 Business days', 2, NULL, '18:00:00', FALSE, TRUE, NULL, NOW(), NOW()),
(24, 12, 'JOB-000024', 'Job 24', 'PDF-REQUEST', '09f7aea9-2b60-48c9-8a68-14d9eb8884bb', '2', 12, 'ITM-00024', 'Premium Paper', '8.5x11', 3147, 'UV Coating', '4/4 Color', '8.5x11', 366.27, 366.27, NULL, NULL, '2 Business days', 2, NULL, '18:00:00', FALSE, TRUE, NULL, NOW(), NOW()),
(25, 13, 'JOB-000025', 'Job 25', 'COATING', '104f9192-ede9-46da-9bd4-afef2b684707', '2', 12, 'ITM-00025', 'Premium Paper', '8.5x11', 3360, 'UV Coating', '4/4 Color', '8.5x11', 265.22, 265.22, NULL, NULL, '2 Business days', 2, NULL, '18:00:00', FALSE, TRUE, NULL, NOW(), NOW()),
(26, 13, 'JOB-000026', 'Job 26', 'EMBOSSING', '104f9192-ede9-46da-9bd4-afef2b684707', NULL, 4, 'ITM-00026', 'Premium Paper', '8.5x11', 312, 'UV Coating', '4/4 Color', '8.5x11', 593.83, 593.83, NULL, NULL, '2 Business days', 2, NULL, '18:00:00', FALSE, TRUE, NULL, NOW(), NOW()),
(27, 13, 'JOB-000027', 'Job 27', 'COATING', '104f9192-ede9-46da-9bd4-afef2b684707', NULL, 18, 'ITM-00027', 'Premium Paper', '8.5x11', 1064, 'UV Coating', '4/4 Color', '8.5x11', 224.19, 224.19, NULL, NULL, '2 Business days', 2, NULL, '18:00:00', FALSE, TRUE, NULL, NOW(), NOW()),
(28, 14, 'JOB-000028', 'Job 28', 'EMBOSSING', '5aed8359-6311-4245-9b45-ce3b6964026b', '2', 20, 'ITM-00028', 'Premium Paper', '8.5x11', 2439, 'UV Coating', '4/4 Color', '8.5x11', 561.30, 561.30, NULL, NULL, '2 Business days', 2, NULL, '18:00:00', FALSE, TRUE, NULL, NOW(), NOW()),
(29, 15, 'JOB-000029', 'Job 29', 'READY', '2c98322c-dcba-43d7-b946-78ab7319eb9d', NULL, 5, 'ITM-00029', 'Premium Paper', '8.5x11', 706, 'UV Coating', '4/4 Color', '8.5x11', 372.59, 372.59, NULL, NULL, '2 Business days', 2, NULL, '18:00:00', FALSE, TRUE, NULL, NOW(), NOW()),
(30, 16, 'JOB-000030', 'Job 30', 'GLUING', 'a81d175b-5f3f-4e4e-8196-1fbcd0620998', '3', 11, 'ITM-00030', 'Premium Paper', '8.5x11', 2946, 'UV Coating', '4/4 Color', '8.5x11', 573.44, 573.44, NULL, NULL, '2 Business days', 2, NULL, '18:00:00', FALSE, TRUE, NULL, NOW(), NOW()),
(31, 17, 'JOB-000031', 'Job 31', 'FOIL_STAMPING', '94633df8-d293-4989-b526-14439b07af9d', '2', 6, 'ITM-00031', 'Premium Paper', '8.5x11', 1526, 'UV Coating', '4/4 Color', '8.5x11', 639.08, 639.08, NULL, NULL, '2 Business days', 2, NULL, '18:00:00', FALSE, TRUE, NULL, NOW(), NOW()),
(32, 17, 'JOB-000032', 'Job 32', 'BATCHED_CUTTING', '94633df8-d293-4989-b526-14439b07af9d', NULL, 4, 'ITM-00032', 'Premium Paper', '8.5x11', 1746, 'UV Coating', '4/4 Color', '8.5x11', 637.81, 637.81, NULL, NULL, '2 Business days', 2, NULL, '18:00:00', FALSE, TRUE, NULL, NOW(), NOW()),
(33, 18, 'JOB-000033', 'Job 33', 'DIE_CUTTING', 'a095b4b5-a14a-455a-a1b1-cfc36a07e35d', '2', 12, 'ITM-00033', 'Premium Paper', '8.5x11', 4638, 'UV Coating', '4/4 Color', '8.5x11', 466.38, 466.38, NULL, NULL, '2 Business days', 2, NULL, '18:00:00', FALSE, TRUE, NULL, NOW(), NOW()),
(34, 19, 'JOB-000034', 'Job 34', 'READY', '60dfe0cb-3396-42fd-9640-62931cc835aa', NULL, 3, 'ITM-00034', 'Premium Paper', '8.5x11', 638, 'UV Coating', '4/4 Color', '8.5x11', 261.25, 261.25, NULL, NULL, '2 Business days', 2, NULL, '18:00:00', FALSE, TRUE, NULL, NOW(), NOW()),
(35, 19, 'JOB-000035', 'Job 35', 'CANCELED', '60dfe0cb-3396-42fd-9640-62931cc835aa', '1', 17, 'ITM-00035', 'Premium Paper', '8.5x11', 3465, 'UV Coating', '4/4 Color', '8.5x11', 619.95, 619.95, NULL, NULL, '2 Business days', 2, NULL, '18:00:00', FALSE, TRUE, NULL, NOW(), NOW()),
(36, 19, 'JOB-000036', 'Job 36', 'DIE_CUTTING', '60dfe0cb-3396-42fd-9640-62931cc835aa', NULL, 5, 'ITM-00036', 'Premium Paper', '8.5x11', 2697, 'UV Coating', '4/4 Color', '8.5x11', 521.02, 521.02, NULL, NULL, '2 Business days', 2, NULL, '18:00:00', FALSE, TRUE, NULL, NOW(), NOW()),
(37, 20, 'JOB-000037', 'Job 37', 'CANCELED', '4e7ec8b7-37d0-4bc1-8b51-673ef76060f1', '2', 17, 'ITM-00037', 'Premium Paper', '8.5x11', 2922, 'UV Coating', '4/4 Color', '8.5x11', 120.10, 120.10, NULL, NULL, '2 Business days', 2, NULL, '18:00:00', FALSE, TRUE, NULL, NOW(), NOW()),
(38, 20, 'JOB-000038', 'Job 38', 'HOLD', '4e7ec8b7-37d0-4bc1-8b51-673ef76060f1', '1', 5, 'ITM-00038', 'Premium Paper', '8.5x11', 3644, 'UV Coating', '4/4 Color', '8.5x11', 412.23, 412.23, NULL, NULL, '2 Business days', 2, NULL, '18:00:00', FALSE, TRUE, NULL, NOW(), NOW()),
(39, 20, 'JOB-000039', 'Job 39', 'PLATED', '4e7ec8b7-37d0-4bc1-8b51-673ef76060f1', '2', 4, 'ITM-00039', 'Premium Paper', '8.5x11', 4344, 'UV Coating', '4/4 Color', '8.5x11', 139.35, 139.35, NULL, NULL, '2 Business days', 2, NULL, '18:00:00', FALSE, TRUE, NULL, NOW(), NOW()),
(40, 21, 'JOB-000040', 'Job 40', 'FOIL_STAMPING', '74bde2bf-f8be-49a4-bee0-d8e3b650ad1b', '3', 8, 'ITM-00040', 'Premium Paper', '8.5x11', 2934, 'UV Coating', '4/4 Color', '8.5x11', 759.04, 759.04, NULL, NULL, '2 Business days', 2, NULL, '18:00:00', FALSE, TRUE, NULL, NOW(), NOW()),
(41, 21, 'JOB-000041', 'Job 41', 'GLUING', '74bde2bf-f8be-49a4-bee0-d8e3b650ad1b', '3', 3, 'ITM-00041', 'Premium Paper', '8.5x11', 2152, 'UV Coating', '4/4 Color', '8.5x11', 173.12, 173.12, NULL, NULL, '2 Business days', 2, NULL, '18:00:00', FALSE, TRUE, NULL, NOW(), NOW()),
(42, 22, 'JOB-000042', 'Job 42', 'READY_FOR_DELIVERY', '1920bb05-7206-4bc1-a32b-1994b59bcb37', '2', 10, 'ITM-00042', 'Premium Paper', '8.5x11', 4470, 'UV Coating', '4/4 Color', '8.5x11', 92.87, 92.87, NULL, NULL, '2 Business days', 2, NULL, '18:00:00', FALSE, TRUE, NULL, NOW(), NOW()),
(43, 23, 'JOB-000043', 'Job 43', 'READY_FOR_PICKUP', '8d03163b-0b8e-420c-9798-709516530c38', '3', 19, 'ITM-00043', 'Premium Paper', '8.5x11', 1363, 'UV Coating', '4/4 Color', '8.5x11', 153.54, 153.54, NULL, NULL, '2 Business days', 2, NULL, '18:00:00', FALSE, TRUE, NULL, NOW(), NOW()),
(44, 23, 'JOB-000044', 'Job 44', 'PENDING', '8d03163b-0b8e-420c-9798-709516530c38', '1', 19, 'ITM-00044', 'Premium Paper', '8.5x11', 437, 'UV Coating', '4/4 Color', '8.5x11', 663.68, 663.68, NULL, NULL, '2 Business days', 2, NULL, '18:00:00', FALSE, TRUE, NULL, NOW(), NOW()),
(45, 23, 'JOB-000045', 'Job 45', 'PRESS', '8d03163b-0b8e-420c-9798-709516530c38', NULL, 2, 'ITM-00045', 'Premium Paper', '8.5x11', 4824, 'UV Coating', '4/4 Color', '8.5x11', 226.43, 226.43, NULL, NULL, '2 Business days', 2, NULL, '18:00:00', FALSE, TRUE, NULL, NOW(), NOW()),
(46, 24, 'JOB-000046', 'Job 46', 'GLUING', '51a2f653-6540-42b4-b52d-03d3a6574293', '3', 1, 'ITM-00046', 'Premium Paper', '8.5x11', 4179, 'UV Coating', '4/4 Color', '8.5x11', 713.42, 713.42, NULL, NULL, '2 Business days', 2, NULL, '18:00:00', FALSE, TRUE, NULL, NOW(), NOW()),
(47, 24, 'JOB-000047', 'Job 47', 'COMPLETE', '51a2f653-6540-42b4-b52d-03d3a6574293', NULL, 10, 'ITM-00047', 'Premium Paper', '8.5x11', 4056, 'UV Coating', '4/4 Color', '8.5x11', 211.00, 211.00, NULL, NULL, '2 Business days', 2, NULL, '18:00:00', FALSE, TRUE, NULL, NOW(), NOW()),
(48, 24, 'JOB-000048', 'Job 48', 'RECEIVED-ARTWORK', '51a2f653-6540-42b4-b52d-03d3a6574293', '2', 10, 'ITM-00048', 'Premium Paper', '8.5x11', 3815, 'UV Coating', '4/4 Color', '8.5x11', 76.92, 76.92, NULL, NULL, '2 Business days', 2, NULL, '18:00:00', FALSE, TRUE, NULL, NOW(), NOW()),
(49, 25, 'JOB-000049', 'Job 49', 'CUTTING', 'c85f6230-1f71-4ae1-9f09-1302bf888025', '2', 14, 'ITM-00049', 'Premium Paper', '8.5x11', 4066, 'UV Coating', '4/4 Color', '8.5x11', 382.26, 382.26, NULL, NULL, '2 Business days', 2, NULL, '18:00:00', FALSE, TRUE, NULL, NOW(), NOW()),
(50, 25, 'JOB-000050', 'Job 50', 'HOLD', 'c85f6230-1f71-4ae1-9f09-1302bf888025', '3', 11, 'ITM-00050', 'Premium Paper', '8.5x11', 2715, 'UV Coating', '4/4 Color', '8.5x11', 592.68, 592.68, NULL, NULL, '2 Business days', 2, NULL, '18:00:00', FALSE, TRUE, NULL, NOW(), NOW()),
(51, 26, 'JOB-000051', 'Job 51', 'PREPRESS', 'fa7145aa-f5ae-4832-a9be-18e5bfe3c8e8', '3', 5, 'ITM-00051', 'Premium Paper', '8.5x11', 3135, 'UV Coating', '4/4 Color', '8.5x11', 421.68, 421.68, NULL, NULL, '2 Business days', 2, NULL, '18:00:00', FALSE, TRUE, NULL, NOW(), NOW()),
(52, 26, 'JOB-000052', 'Job 52', 'DIE_CUTTING', 'fa7145aa-f5ae-4832-a9be-18e5bfe3c8e8', '2', 8, 'ITM-00052', 'Premium Paper', '8.5x11', 3921, 'UV Coating', '4/4 Color', '8.5x11', 115.57, 115.57, NULL, NULL, '2 Business days', 2, NULL, '18:00:00', FALSE, TRUE, NULL, NOW(), NOW()),
(53, 27, 'JOB-000053', 'Job 53', 'SADDLE_STITCH', '029204ef-b6bb-4f57-b32c-64c5e8261d1a', NULL, 4, 'ITM-00053', 'Premium Paper', '8.5x11', 514, 'UV Coating', '4/4 Color', '8.5x11', 246.37, 246.37, NULL, NULL, '2 Business days', 2, NULL, '18:00:00', FALSE, TRUE, NULL, NOW(), NOW()),
(54, 28, 'JOB-000054', 'Job 54', 'APPROVED', '33a29aab-3f21-4996-a1f1-f9e6af660e35', '3', 6, 'ITM-00054', 'Premium Paper', '8.5x11', 2782, 'UV Coating', '4/4 Color', '8.5x11', 748.33, 748.33, NULL, NULL, '2 Business days', 2, NULL, '18:00:00', FALSE, TRUE, NULL, NOW(), NOW()),
(55, 29, 'JOB-000055', 'Job 55', 'DIE_CUTTING', 'ef7a907c-d40d-451e-aa03-6500552a4893', NULL, 6, 'ITM-00055', 'Premium Paper', '8.5x11', 4181, 'UV Coating', '4/4 Color', '8.5x11', 796.86, 796.86, NULL, NULL, '2 Business days', 2, NULL, '18:00:00', FALSE, TRUE, NULL, NOW(), NOW()),
(56, 30, 'JOB-000056', 'Job 56', 'SADDLE_STITCH', '2841a373-4a24-4f30-a1fa-b2cfdb7ac856', NULL, 16, 'ITM-00056', 'Premium Paper', '8.5x11', 289, 'UV Coating', '4/4 Color', '8.5x11', 90.24, 90.24, NULL, NULL, '2 Business days', 2, NULL, '18:00:00', FALSE, TRUE, NULL, NOW(), NOW()),
(57, 30, 'JOB-000057', 'Job 57', 'RECEIVED-ARTWORK', '2841a373-4a24-4f30-a1fa-b2cfdb7ac856', '1', 8, 'ITM-00057', 'Premium Paper', '8.5x11', 1862, 'UV Coating', '4/4 Color', '8.5x11', 475.01, 475.01, NULL, NULL, '2 Business days', 2, NULL, '18:00:00', FALSE, TRUE, NULL, NOW(), NOW()),
(58, 31, 'JOB-000058', 'Job 58', 'READY_FOR_DELIVERY', '20238363-f7df-497d-9abd-e87b0665d449', NULL, 16, 'ITM-00058', 'Premium Paper', '8.5x11', 4994, 'UV Coating', '4/4 Color', '8.5x11', 708.22, 708.22, NULL, NULL, '2 Business days', 2, NULL, '18:00:00', FALSE, TRUE, NULL, NOW(), NOW()),
(59, 31, 'JOB-000059', 'Job 59', 'PREPRESS', '20238363-f7df-497d-9abd-e87b0665d449', NULL, 10, 'ITM-00059', 'Premium Paper', '8.5x11', 4496, 'UV Coating', '4/4 Color', '8.5x11', 26.38, 26.38, NULL, NULL, '2 Business days', 2, NULL, '18:00:00', FALSE, TRUE, NULL, NOW(), NOW()),
(60, 32, 'JOB-000060', 'Job 60', 'BINDERY', 'ea07fb86-d728-4c00-83a9-bae4c019c9b8', '1', 9, 'ITM-00060', 'Premium Paper', '8.5x11', 3096, 'UV Coating', '4/4 Color', '8.5x11', 615.81, 615.81, NULL, NULL, '2 Business days', 2, NULL, '18:00:00', FALSE, TRUE, NULL, NOW(), NOW()),
(61, 33, 'JOB-000061', 'Job 61', 'BINDERY', '354d9799-6dea-4227-8e16-0b4b2b6bf420', '3', 2, 'ITM-00061', 'Premium Paper', '8.5x11', 4771, 'UV Coating', '4/4 Color', '8.5x11', 458.22, 458.22, NULL, NULL, '2 Business days', 2, NULL, '18:00:00', FALSE, TRUE, NULL, NOW(), NOW()),
(62, 33, 'JOB-000062', 'Job 62', 'SHIPPING', '354d9799-6dea-4227-8e16-0b4b2b6bf420', '3', 3, 'ITM-00062', 'Premium Paper', '8.5x11', 3264, 'UV Coating', '4/4 Color', '8.5x11', 413.32, 413.32, NULL, NULL, '2 Business days', 2, NULL, '18:00:00', FALSE, TRUE, NULL, NOW(), NOW()),
(63, 34, 'JOB-000063', 'Job 63', 'PREPRESS', '29e7931f-bb9b-46fc-a60c-4961eab8d1a7', NULL, 20, 'ITM-00063', 'Premium Paper', '8.5x11', 1073, 'UV Coating', '4/4 Color', '8.5x11', 120.36, 120.36, NULL, NULL, '2 Business days', 2, NULL, '18:00:00', FALSE, TRUE, NULL, NOW(), NOW()),
(64, 34, 'JOB-000064', 'Job 64', 'BINDERY', '29e7931f-bb9b-46fc-a60c-4961eab8d1a7', '2', 12, 'ITM-00064', 'Premium Paper', '8.5x11', 2877, 'UV Coating', '4/4 Color', '8.5x11', 455.11, 455.11, NULL, NULL, '2 Business days', 2, NULL, '18:00:00', FALSE, TRUE, NULL, NOW(), NOW()),
(65, 34, 'JOB-000065', 'Job 65', 'RECEIVED-ARTWORK', '29e7931f-bb9b-46fc-a60c-4961eab8d1a7', '1', 7, 'ITM-00065', 'Premium Paper', '8.5x11', 4270, 'UV Coating', '4/4 Color', '8.5x11', 333.08, 333.08, NULL, NULL, '2 Business days', 2, NULL, '18:00:00', FALSE, TRUE, NULL, NOW(), NOW()),
(66, 35, 'JOB-000066', 'Job 66', 'FOIL_STAMPING', '4617cec6-fe9e-4090-aa91-923ce8c22e0e', NULL, 5, 'ITM-00066', 'Premium Paper', '8.5x11', 2828, 'UV Coating', '4/4 Color', '8.5x11', 647.09, 647.09, NULL, NULL, '2 Business days', 2, NULL, '18:00:00', FALSE, TRUE, NULL, NOW(), NOW()),
(67, 36, 'JOB-000067', 'Job 67', 'READY_FOR_PICKUP', '32bb4e48-3292-4991-986a-d55783c44ed2', '3', 20, 'ITM-00067', 'Premium Paper', '8.5x11', 4323, 'UV Coating', '4/4 Color', '8.5x11', 129.03, 129.03, NULL, NULL, '2 Business days', 2, NULL, '18:00:00', FALSE, TRUE, NULL, NOW(), NOW()),
(68, 37, 'JOB-000068', 'Job 68', 'FOIL_STAMPING', '9ec75507-ee0d-41b5-a6c7-fa348ea6d138', NULL, 13, 'ITM-00068', 'Premium Paper', '8.5x11', 2551, 'UV Coating', '4/4 Color', '8.5x11', 483.11, 483.11, NULL, NULL, '2 Business days', 2, NULL, '18:00:00', FALSE, TRUE, NULL, NOW(), NOW()),
(69, 38, 'JOB-000069', 'Job 69', 'PENDING', 'ecf488b1-283b-496e-8134-c24a2e66088e', '3', 19, 'ITM-00069', 'Premium Paper', '8.5x11', 2555, 'UV Coating', '4/4 Color', '8.5x11', 390.42, 390.42, NULL, NULL, '2 Business days', 2, NULL, '18:00:00', FALSE, TRUE, NULL, NOW(), NOW()),
(70, 38, 'JOB-000070', 'Job 70', 'BUYOUT', 'ecf488b1-283b-496e-8134-c24a2e66088e', '3', 11, 'ITM-00070', 'Premium Paper', '8.5x11', 997, 'UV Coating', '4/4 Color', '8.5x11', 784.32, 784.32, NULL, NULL, '2 Business days', 2, NULL, '18:00:00', FALSE, TRUE, NULL, NOW(), NOW()),
(71, 38, 'JOB-000071', 'Job 71', 'READY_FOR_DELIVERY', 'ecf488b1-283b-496e-8134-c24a2e66088e', '2', 1, 'ITM-00071', 'Premium Paper', '8.5x11', 4989, 'UV Coating', '4/4 Color', '8.5x11', 390.18, 390.18, NULL, NULL, '2 Business days', 2, NULL, '18:00:00', FALSE, TRUE, NULL, NOW(), NOW()),
(72, 39, 'JOB-000072', 'Job 72', 'FOIL_STAMPING', '0acaa15a-0520-4db6-8de1-17ae6e4747c6', NULL, 2, 'ITM-00072', 'Premium Paper', '8.5x11', 4880, 'UV Coating', '4/4 Color', '8.5x11', 394.75, 394.75, NULL, NULL, '2 Business days', 2, NULL, '18:00:00', FALSE, TRUE, NULL, NOW(), NOW()),
(73, 39, 'JOB-000073', 'Job 73', 'READY', '0acaa15a-0520-4db6-8de1-17ae6e4747c6', '1', 5, 'ITM-00073', 'Premium Paper', '8.5x11', 2084, 'UV Coating', '4/4 Color', '8.5x11', 44.63, 44.63, NULL, NULL, '2 Business days', 2, NULL, '18:00:00', FALSE, TRUE, NULL, NOW(), NOW()),
(74, 39, 'JOB-000074', 'Job 74', 'FINISHING', '0acaa15a-0520-4db6-8de1-17ae6e4747c6', '2', 7, 'ITM-00074', 'Premium Paper', '8.5x11', 255, 'UV Coating', '4/4 Color', '8.5x11', 364.01, 364.01, NULL, NULL, '2 Business days', 2, NULL, '18:00:00', FALSE, TRUE, NULL, NOW(), NOW()),
(75, 40, 'JOB-000075', 'Job 75', 'READY_FOR_PICKUP', 'e7701240-5180-4982-aa27-9c536c3849ed', NULL, 7, 'ITM-00075', 'Premium Paper', '8.5x11', 3461, 'UV Coating', '4/4 Color', '8.5x11', 411.42, 411.42, NULL, NULL, '2 Business days', 2, NULL, '18:00:00', FALSE, TRUE, NULL, NOW(), NOW()),
(76, 40, 'JOB-000076', 'Job 76', 'GLUING', 'e7701240-5180-4982-aa27-9c536c3849ed', '3', 2, 'ITM-00076', 'Premium Paper', '8.5x11', 1231, 'UV Coating', '4/4 Color', '8.5x11', 424.57, 424.57, NULL, NULL, '2 Business days', 2, NULL, '18:00:00', FALSE, TRUE, NULL, NOW(), NOW()),
(77, 41, 'JOB-000077', 'Job 77', 'PLATED', '193cfb16-7c9f-4ce2-a744-c7fef743ad28', NULL, 16, 'ITM-00077', 'Premium Paper', '8.5x11', 4404, 'UV Coating', '4/4 Color', '8.5x11', 313.92, 313.92, NULL, NULL, '2 Business days', 2, NULL, '18:00:00', FALSE, TRUE, NULL, NOW(), NOW()),
(78, 41, 'JOB-000078', 'Job 78', 'SHIPPED', '193cfb16-7c9f-4ce2-a744-c7fef743ad28', '3', 18, 'ITM-00078', 'Premium Paper', '8.5x11', 2904, 'UV Coating', '4/4 Color', '8.5x11', 446.09, 446.09, NULL, NULL, '2 Business days', 2, NULL, '18:00:00', FALSE, TRUE, NULL, NOW(), NOW()),
(79, 41, 'JOB-000079', 'Job 79', 'BATCHED_CUTTING', '193cfb16-7c9f-4ce2-a744-c7fef743ad28', '3', 20, 'ITM-00079', 'Premium Paper', '8.5x11', 4066, 'UV Coating', '4/4 Color', '8.5x11', 169.97, 169.97, NULL, NULL, '2 Business days', 2, NULL, '18:00:00', FALSE, TRUE, NULL, NOW(), NOW()),
(80, 42, 'JOB-000080', 'Job 80', 'LAMINATING', 'd02f15f8-a76b-4528-bd12-53316b596506', '3', 10, 'ITM-00080', 'Premium Paper', '8.5x11', 1942, 'UV Coating', '4/4 Color', '8.5x11', 754.36, 754.36, NULL, NULL, '2 Business days', 2, NULL, '18:00:00', FALSE, TRUE, NULL, NOW(), NOW()),
(81, 42, 'JOB-000081', 'Job 81', 'BINDERY', 'd02f15f8-a76b-4528-bd12-53316b596506', '3', 7, 'ITM-00081', 'Premium Paper', '8.5x11', 4105, 'UV Coating', '4/4 Color', '8.5x11', 267.29, 267.29, NULL, NULL, '2 Business days', 2, NULL, '18:00:00', FALSE, TRUE, NULL, NOW(), NOW()),
(82, 42, 'JOB-000082', 'Job 82', 'GLUING', 'd02f15f8-a76b-4528-bd12-53316b596506', NULL, 10, 'ITM-00082', 'Premium Paper', '8.5x11', 1098, 'UV Coating', '4/4 Color', '8.5x11', 467.31, 467.31, NULL, NULL, '2 Business days', 2, NULL, '18:00:00', FALSE, TRUE, NULL, NOW(), NOW()),
(83, 43, 'JOB-000083', 'Job 83', 'LAMINATING', 'a9a72282-a2c3-460c-a6cc-9ec454ff56f8', '1', 12, 'ITM-00083', 'Premium Paper', '8.5x11', 1299, 'UV Coating', '4/4 Color', '8.5x11', 246.55, 246.55, NULL, NULL, '2 Business days', 2, NULL, '18:00:00', FALSE, TRUE, NULL, NOW(), NOW()),
(84, 43, 'JOB-000084', 'Job 84', 'APPROVED', 'a9a72282-a2c3-460c-a6cc-9ec454ff56f8', NULL, 12, 'ITM-00084', 'Premium Paper', '8.5x11', 3723, 'UV Coating', '4/4 Color', '8.5x11', 531.66, 531.66, NULL, NULL, '2 Business days', 2, NULL, '18:00:00', FALSE, TRUE, NULL, NOW(), NOW()),
(85, 44, 'JOB-000085', 'Job 85', 'GLUING', 'fa289ffc-7807-4623-b97d-05dbb6464d76', '3', 7, 'ITM-00085', 'Premium Paper', '8.5x11', 4512, 'UV Coating', '4/4 Color', '8.5x11', 231.48, 231.48, NULL, NULL, '2 Business days', 2, NULL, '18:00:00', FALSE, TRUE, NULL, NOW(), NOW()),
(86, 45, 'JOB-000086', 'Job 86', 'RECEIVED-ARTWORK', '5a920c3b-73b7-4a5e-bc1f-32fdac979a69', '2', 4, 'ITM-00086', 'Premium Paper', '8.5x11', 4907, 'UV Coating', '4/4 Color', '8.5x11', 206.64, 206.64, NULL, NULL, '2 Business days', 2, NULL, '18:00:00', FALSE, TRUE, NULL, NOW(), NOW()),
(87, 46, 'JOB-000087', 'Job 87', 'CUTTING', '5c283da0-eac2-48d8-aabb-4e0a2759c7a2', NULL, 8, 'ITM-00087', 'Premium Paper', '8.5x11', 530, 'UV Coating', '4/4 Color', '8.5x11', 98.15, 98.15, NULL, NULL, '2 Business days', 2, NULL, '18:00:00', FALSE, TRUE, NULL, NOW(), NOW()),
(88, 46, 'JOB-000088', 'Job 88', 'GLUING', '5c283da0-eac2-48d8-aabb-4e0a2759c7a2', '2', 4, 'ITM-00088', 'Premium Paper', '8.5x11', 1226, 'UV Coating', '4/4 Color', '8.5x11', 24.04, 24.04, NULL, NULL, '2 Business days', 2, NULL, '18:00:00', FALSE, TRUE, NULL, NOW(), NOW()),
(89, 46, 'JOB-000089', 'Job 89', 'PRESS', '5c283da0-eac2-48d8-aabb-4e0a2759c7a2', '3', 14, 'ITM-00089', 'Premium Paper', '8.5x11', 3996, 'UV Coating', '4/4 Color', '8.5x11', 392.41, 392.41, NULL, NULL, '2 Business days', 2, NULL, '18:00:00', FALSE, TRUE, NULL, NOW(), NOW()),
(90, 47, 'JOB-000090', 'Job 90', 'PDF-REQUEST', '2608ba71-e397-4148-9e0e-98b6914b00a3', '2', 10, 'ITM-00090', 'Premium Paper', '8.5x11', 584, 'UV Coating', '4/4 Color', '8.5x11', 728.19, 728.19, NULL, NULL, '2 Business days', 2, NULL, '18:00:00', FALSE, TRUE, NULL, NOW(), NOW()),
(91, 47, 'JOB-000091', 'Job 91', 'PLATED', '2608ba71-e397-4148-9e0e-98b6914b00a3', NULL, 18, 'ITM-00091', 'Premium Paper', '8.5x11', 405, 'UV Coating', '4/4 Color', '8.5x11', 732.32, 732.32, NULL, NULL, '2 Business days', 2, NULL, '18:00:00', FALSE, TRUE, NULL, NOW(), NOW()),
(92, 48, 'JOB-000092', 'Job 92', 'PLATED', 'f2c1eea1-2d52-4d8a-b3aa-a0fe38cb75fc', '3', 2, 'ITM-00092', 'Premium Paper', '8.5x11', 3352, 'UV Coating', '4/4 Color', '8.5x11', 634.61, 634.61, NULL, NULL, '2 Business days', 2, NULL, '18:00:00', FALSE, TRUE, NULL, NOW(), NOW()),
(93, 49, 'JOB-000093', 'Job 93', 'PREPRESS', '0af8dcaa-0910-48fb-9989-2f519cf7a901', '3', 1, 'ITM-00093', 'Premium Paper', '8.5x11', 2544, 'UV Coating', '4/4 Color', '8.5x11', 463.01, 463.01, NULL, NULL, '2 Business days', 2, NULL, '18:00:00', FALSE, TRUE, NULL, NOW(), NOW()),
(94, 50, 'JOB-000094', 'Job 94', 'BATCHED', '2f3bf41c-89ea-483f-95ff-54c3f31c783b', NULL, 15, 'ITM-00094', 'Premium Paper', '8.5x11', 4550, 'UV Coating', '4/4 Color', '8.5x11', 428.97, 428.97, NULL, NULL, '2 Business days', 2, NULL, '18:00:00', FALSE, TRUE, NULL, NOW(), NOW()),
(95, 50, 'JOB-000095', 'Job 95', 'CUTTING', '2f3bf41c-89ea-483f-95ff-54c3f31c783b', '2', 9, 'ITM-00095', 'Premium Paper', '8.5x11', 1679, 'UV Coating', '4/4 Color', '8.5x11', 650.87, 650.87, NULL, NULL, '2 Business days', 2, NULL, '18:00:00', FALSE, TRUE, NULL, NOW(), NOW()),
(96, 51, 'JOB-000096', 'Job 96', 'PENDING', '578622a9-318c-43da-8203-0b1dc68c0f80', '3', 15, 'ITM-00096', 'Premium Paper', '8.5x11', 2207, 'UV Coating', '4/4 Color', '8.5x11', 580.51, 580.51, NULL, NULL, '2 Business days', 2, NULL, '18:00:00', FALSE, TRUE, NULL, NOW(), NOW()),
(97, 51, 'JOB-000097', 'Job 97', 'PRESS', '578622a9-318c-43da-8203-0b1dc68c0f80', '2', 10, 'ITM-00097', 'Premium Paper', '8.5x11', 4751, 'UV Coating', '4/4 Color', '8.5x11', 546.03, 546.03, NULL, NULL, '2 Business days', 2, NULL, '18:00:00', FALSE, TRUE, NULL, NOW(), NOW()),
(98, 51, 'JOB-000098', 'Job 98', 'FOIL_STAMPING', '578622a9-318c-43da-8203-0b1dc68c0f80', '3', 20, 'ITM-00098', 'Premium Paper', '8.5x11', 3421, 'UV Coating', '4/4 Color', '8.5x11', 665.05, 665.05, NULL, NULL, '2 Business days', 2, NULL, '18:00:00', FALSE, TRUE, NULL, NOW(), NOW()),
(99, 52, 'JOB-000099', 'Job 99', 'BATCHED', 'f4ce968f-bdc5-428e-aef7-ba826e9b0957', NULL, 13, 'ITM-00099', 'Premium Paper', '8.5x11', 881, 'UV Coating', '4/4 Color', '8.5x11', 164.13, 164.13, NULL, NULL, '2 Business days', 2, NULL, '18:00:00', FALSE, TRUE, NULL, NOW(), NOW()),
(100, 53, 'JOB-000100', 'Job 100', 'BATCHED_CUTTING', '3ea5c33c-eeaa-432a-909f-84171076b12b', NULL, 8, 'ITM-00100', 'Premium Paper', '8.5x11', 155, 'UV Coating', '4/4 Color', '8.5x11', 223.41, 223.41, NULL, NULL, '2 Business days', 2, NULL, '18:00:00', FALSE, TRUE, NULL, NOW(), NOW()),
(101, 53, 'JOB-000101', 'Job 101', 'APPROVED', '3ea5c33c-eeaa-432a-909f-84171076b12b', '1', 9, 'ITM-00101', 'Premium Paper', '8.5x11', 2800, 'UV Coating', '4/4 Color', '8.5x11', 255.52, 255.52, NULL, NULL, '2 Business days', 2, NULL, '18:00:00', FALSE, TRUE, NULL, NOW(), NOW()),
(102, 54, 'JOB-000102', 'Job 102', 'PREPRESS', 'f93555ba-598b-4775-8528-28c246a0df69', NULL, 12, 'ITM-00102', 'Premium Paper', '8.5x11', 2035, 'UV Coating', '4/4 Color', '8.5x11', 68.46, 68.46, NULL, NULL, '2 Business days', 2, NULL, '18:00:00', FALSE, TRUE, NULL, NOW(), NOW()),
(103, 54, 'JOB-000103', 'Job 103', 'FOIL_STAMPING', 'f93555ba-598b-4775-8528-28c246a0df69', '3', 10, 'ITM-00103', 'Premium Paper', '8.5x11', 1408, 'UV Coating', '4/4 Color', '8.5x11', 336.22, 336.22, NULL, NULL, '2 Business days', 2, NULL, '18:00:00', FALSE, TRUE, NULL, NOW(), NOW()),
(104, 55, 'JOB-000104', 'Job 104', 'BATCHED_CUTTING', 'eecd6826-afff-40c1-b41d-2926a1c4a8ce', '2', 4, 'ITM-00104', 'Premium Paper', '8.5x11', 2516, 'UV Coating', '4/4 Color', '8.5x11', 306.68, 306.68, NULL, NULL, '2 Business days', 2, NULL, '18:00:00', FALSE, TRUE, NULL, NOW(), NOW()),
(105, 55, 'JOB-000105', 'Job 105', 'APPROVED', 'eecd6826-afff-40c1-b41d-2926a1c4a8ce', '3', 5, 'ITM-00105', 'Premium Paper', '8.5x11', 4017, 'UV Coating', '4/4 Color', '8.5x11', 139.48, 139.48, NULL, NULL, '2 Business days', 2, NULL, '18:00:00', FALSE, TRUE, NULL, NOW(), NOW()),
(106, 55, 'JOB-000106', 'Job 106', 'SHIPPING', 'eecd6826-afff-40c1-b41d-2926a1c4a8ce', '2', 14, 'ITM-00106', 'Premium Paper', '8.5x11', 4599, 'UV Coating', '4/4 Color', '8.5x11', 731.98, 731.98, NULL, NULL, '2 Business days', 2, NULL, '18:00:00', FALSE, TRUE, NULL, NOW(), NOW()),
(107, 56, 'JOB-000107', 'Job 107', 'FOIL_STAMPING', '0ff05e66-f784-4f35-8a45-9e998f80930d', '3', 20, 'ITM-00107', 'Premium Paper', '8.5x11', 770, 'UV Coating', '4/4 Color', '8.5x11', 429.90, 429.90, NULL, NULL, '2 Business days', 2, NULL, '18:00:00', FALSE, TRUE, NULL, NOW(), NOW()),
(108, 57, 'JOB-000108', 'Job 108', 'GLUING', '1b08d871-2e3a-4141-9e7f-022db9de4b6b', '2', 19, 'ITM-00108', 'Premium Paper', '8.5x11', 1019, 'UV Coating', '4/4 Color', '8.5x11', 68.17, 68.17, NULL, NULL, '2 Business days', 2, NULL, '18:00:00', FALSE, TRUE, NULL, NOW(), NOW()),
(109, 58, 'JOB-000109', 'Job 109', 'HOLD', 'c0d8eb67-0807-4b41-9c93-e970c4c9afd2', NULL, 18, 'ITM-00109', 'Premium Paper', '8.5x11', 1327, 'UV Coating', '4/4 Color', '8.5x11', 148.34, 148.34, NULL, NULL, '2 Business days', 2, NULL, '18:00:00', FALSE, TRUE, NULL, NOW(), NOW()),
(110, 58, 'JOB-000110', 'Job 110', 'EMBOSSING', 'c0d8eb67-0807-4b41-9c93-e970c4c9afd2', '1', 4, 'ITM-00110', 'Premium Paper', '8.5x11', 1782, 'UV Coating', '4/4 Color', '8.5x11', 579.20, 579.20, NULL, NULL, '2 Business days', 2, NULL, '18:00:00', FALSE, TRUE, NULL, NOW(), NOW()),
(111, 58, 'JOB-000111', 'Job 111', 'DIE_CUTTING', 'c0d8eb67-0807-4b41-9c93-e970c4c9afd2', '2', 17, 'ITM-00111', 'Premium Paper', '8.5x11', 3749, 'UV Coating', '4/4 Color', '8.5x11', 650.78, 650.78, NULL, NULL, '2 Business days', 2, NULL, '18:00:00', FALSE, TRUE, NULL, NOW(), NOW()),
(112, 59, 'JOB-000112', 'Job 112', 'GLUING', '993fadc2-d24e-4216-83e6-bf56ae72ae66', NULL, 14, 'ITM-00112', 'Premium Paper', '8.5x11', 3842, 'UV Coating', '4/4 Color', '8.5x11', 459.85, 459.85, NULL, NULL, '2 Business days', 2, NULL, '18:00:00', FALSE, TRUE, NULL, NOW(), NOW()),
(113, 59, 'JOB-000113', 'Job 113', 'CANCELED', '993fadc2-d24e-4216-83e6-bf56ae72ae66', '1', 10, 'ITM-00113', 'Premium Paper', '8.5x11', 278, 'UV Coating', '4/4 Color', '8.5x11', 328.84, 328.84, NULL, NULL, '2 Business days', 2, NULL, '18:00:00', FALSE, TRUE, NULL, NOW(), NOW()),
(114, 59, 'JOB-000114', 'Job 114', 'FINISHING', '993fadc2-d24e-4216-83e6-bf56ae72ae66', '3', 7, 'ITM-00114', 'Premium Paper', '8.5x11', 4837, 'UV Coating', '4/4 Color', '8.5x11', 76.96, 76.96, NULL, NULL, '2 Business days', 2, NULL, '18:00:00', FALSE, TRUE, NULL, NOW(), NOW()),
(115, 60, 'JOB-000115', 'Job 115', 'PDF-REQUEST', '2e84033f-94c4-47d6-9fea-8ffa222b25bb', NULL, 3, 'ITM-00115', 'Premium Paper', '8.5x11', 4533, 'UV Coating', '4/4 Color', '8.5x11', 795.42, 795.42, NULL, NULL, '2 Business days', 2, NULL, '18:00:00', FALSE, TRUE, NULL, NOW(), NOW()),
(116, 60, 'JOB-000116', 'Job 116', 'SHIPPING', '2e84033f-94c4-47d6-9fea-8ffa222b25bb', '2', 2, 'ITM-00116', 'Premium Paper', '8.5x11', 2451, 'UV Coating', '4/4 Color', '8.5x11', 338.92, 338.92, NULL, NULL, '2 Business days', 2, NULL, '18:00:00', FALSE, TRUE, NULL, NOW(), NOW()),
(117, 60, 'JOB-000117', 'Job 117', 'SADDLE_STITCH', '2e84033f-94c4-47d6-9fea-8ffa222b25bb', NULL, 14, 'ITM-00117', 'Premium Paper', '8.5x11', 3167, 'UV Coating', '4/4 Color', '8.5x11', 794.43, 794.43, NULL, NULL, '2 Business days', 2, NULL, '18:00:00', FALSE, TRUE, NULL, NOW(), NOW()),
(118, 61, 'JOB-000118', 'Job 118', 'SHIPPED', '31bcb5ed-301b-433c-af64-a2ea5ec5850a', '2', 13, 'ITM-00118', 'Premium Paper', '8.5x11', 757, 'UV Coating', '4/4 Color', '8.5x11', 552.53, 552.53, NULL, NULL, '2 Business days', 2, NULL, '18:00:00', FALSE, TRUE, NULL, NOW(), NOW()),
(119, 61, 'JOB-000119', 'Job 119', 'GLUING', '31bcb5ed-301b-433c-af64-a2ea5ec5850a', NULL, 12, 'ITM-00119', 'Premium Paper', '8.5x11', 1071, 'UV Coating', '4/4 Color', '8.5x11', 159.21, 159.21, NULL, NULL, '2 Business days', 2, NULL, '18:00:00', FALSE, TRUE, NULL, NOW(), NOW()),
(120, 62, 'JOB-000120', 'Job 120', 'SHIPPING', '5b0185f2-a816-4237-a2e5-b8b7ac1cbfdb', '1', 5, 'ITM-00120', 'Premium Paper', '8.5x11', 1924, 'UV Coating', '4/4 Color', '8.5x11', 671.16, 671.16, NULL, NULL, '2 Business days', 2, NULL, '18:00:00', FALSE, TRUE, NULL, NOW(), NOW()),
(121, 62, 'JOB-000121', 'Job 121', 'GLUING', '5b0185f2-a816-4237-a2e5-b8b7ac1cbfdb', NULL, 10, 'ITM-00121', 'Premium Paper', '8.5x11', 3892, 'UV Coating', '4/4 Color', '8.5x11', 545.33, 545.33, NULL, NULL, '2 Business days', 2, NULL, '18:00:00', FALSE, TRUE, NULL, NOW(), NOW()),
(122, 62, 'JOB-000122', 'Job 122', 'BATCHED_CUTTING', '5b0185f2-a816-4237-a2e5-b8b7ac1cbfdb', NULL, 18, 'ITM-00122', 'Premium Paper', '8.5x11', 3207, 'UV Coating', '4/4 Color', '8.5x11', 662.22, 662.22, NULL, NULL, '2 Business days', 2, NULL, '18:00:00', FALSE, TRUE, NULL, NOW(), NOW()),
(123, 63, 'JOB-000123', 'Job 123', 'APPROVED', 'e3a78349-f759-4820-9d6d-ab47817be544', '1', 5, 'ITM-00123', 'Premium Paper', '8.5x11', 2358, 'UV Coating', '4/4 Color', '8.5x11', 167.01, 167.01, NULL, NULL, '2 Business days', 2, NULL, '18:00:00', FALSE, TRUE, NULL, NOW(), NOW()),
(124, 63, 'JOB-000124', 'Job 124', 'PENDING', 'e3a78349-f759-4820-9d6d-ab47817be544', '2', 2, 'ITM-00124', 'Premium Paper', '8.5x11', 3534, 'UV Coating', '4/4 Color', '8.5x11', 499.64, 499.64, NULL, NULL, '2 Business days', 2, NULL, '18:00:00', FALSE, TRUE, NULL, NOW(), NOW()),
(125, 64, 'JOB-000125', 'Job 125', 'DIE_CUTTING', '423c1169-4d30-4773-8207-38140406e3e1', '1', 3, 'ITM-00125', 'Premium Paper', '8.5x11', 926, 'UV Coating', '4/4 Color', '8.5x11', 483.28, 483.28, NULL, NULL, '2 Business days', 2, NULL, '18:00:00', FALSE, TRUE, NULL, NOW(), NOW()),
(126, 65, 'JOB-000126', 'Job 126', 'GLUING', '7670610a-f5e1-44ba-be67-d249e0e2cff2', '2', 2, 'ITM-00126', 'Premium Paper', '8.5x11', 3395, 'UV Coating', '4/4 Color', '8.5x11', 362.39, 362.39, NULL, NULL, '2 Business days', 2, NULL, '18:00:00', FALSE, TRUE, NULL, NOW(), NOW()),
(127, 66, 'JOB-000127', 'Job 127', 'BATCHED_CUTTING', '9b12b043-2709-4a85-8c0f-ec81144cf47e', '3', 5, 'ITM-00127', 'Premium Paper', '8.5x11', 4227, 'UV Coating', '4/4 Color', '8.5x11', 794.92, 794.92, NULL, NULL, '2 Business days', 2, NULL, '18:00:00', FALSE, TRUE, NULL, NOW(), NOW()),
(128, 67, 'JOB-000128', 'Job 128', 'BATCHED', '06c9e3f9-725e-4933-92cd-0265614ce865', '2', 20, 'ITM-00128', 'Premium Paper', '8.5x11', 2726, 'UV Coating', '4/4 Color', '8.5x11', 204.79, 204.79, NULL, NULL, '2 Business days', 2, NULL, '18:00:00', FALSE, TRUE, NULL, NOW(), NOW()),
(129, 67, 'JOB-000129', 'Job 129', 'GLUING', '06c9e3f9-725e-4933-92cd-0265614ce865', '2', 14, 'ITM-00129', 'Premium Paper', '8.5x11', 2561, 'UV Coating', '4/4 Color', '8.5x11', 234.62, 234.62, NULL, NULL, '2 Business days', 2, NULL, '18:00:00', FALSE, TRUE, NULL, NOW(), NOW()),
(130, 67, 'JOB-000130', 'Job 130', 'BINDERY', '06c9e3f9-725e-4933-92cd-0265614ce865', NULL, 14, 'ITM-00130', 'Premium Paper', '8.5x11', 4653, 'UV Coating', '4/4 Color', '8.5x11', 406.58, 406.58, NULL, NULL, '2 Business days', 2, NULL, '18:00:00', FALSE, TRUE, NULL, NOW(), NOW()),
(131, 68, 'JOB-000131', 'Job 131', 'LAMINATING', '54cf3f62-89d8-41aa-aae2-8de84e3ee621', NULL, 11, 'ITM-00131', 'Premium Paper', '8.5x11', 3510, 'UV Coating', '4/4 Color', '8.5x11', 338.44, 338.44, NULL, NULL, '2 Business days', 2, NULL, '18:00:00', FALSE, TRUE, NULL, NOW(), NOW()),
(132, 68, 'JOB-000132', 'Job 132', 'HOLD', '54cf3f62-89d8-41aa-aae2-8de84e3ee621', '2', 6, 'ITM-00132', 'Premium Paper', '8.5x11', 4506, 'UV Coating', '4/4 Color', '8.5x11', 389.34, 389.34, NULL, NULL, '2 Business days', 2, NULL, '18:00:00', FALSE, TRUE, NULL, NOW(), NOW()),
(133, 68, 'JOB-000133', 'Job 133', 'RECEIVED-ARTWORK', '54cf3f62-89d8-41aa-aae2-8de84e3ee621', NULL, 10, 'ITM-00133', 'Premium Paper', '8.5x11', 1282, 'UV Coating', '4/4 Color', '8.5x11', 648.51, 648.51, NULL, NULL, '2 Business days', 2, NULL, '18:00:00', FALSE, TRUE, NULL, NOW(), NOW()),
(134, 69, 'JOB-000134', 'Job 134', 'BATCHED_CUTTING', '10df4c58-4169-454d-8d04-a4a75dbacdfa', '3', 18, 'ITM-00134', 'Premium Paper', '8.5x11', 4441, 'UV Coating', '4/4 Color', '8.5x11', 124.59, 124.59, NULL, NULL, '2 Business days', 2, NULL, '18:00:00', FALSE, TRUE, NULL, NOW(), NOW()),
(135, 69, 'JOB-000135', 'Job 135', 'DIE_CUTTING', '10df4c58-4169-454d-8d04-a4a75dbacdfa', '3', 7, 'ITM-00135', 'Premium Paper', '8.5x11', 2805, 'UV Coating', '4/4 Color', '8.5x11', 524.43, 524.43, NULL, NULL, '2 Business days', 2, NULL, '18:00:00', FALSE, TRUE, NULL, NOW(), NOW()),
(136, 70, 'JOB-000136', 'Job 136', 'SADDLE_STITCH', '47042495-906f-46af-be3a-2134481b2b6d', '1', 18, 'ITM-00136', 'Premium Paper', '8.5x11', 1660, 'UV Coating', '4/4 Color', '8.5x11', 60.20, 60.20, NULL, NULL, '2 Business days', 2, NULL, '18:00:00', FALSE, TRUE, NULL, NOW(), NOW()),
(137, 71, 'JOB-000137', 'Job 137', 'GLUING', 'f3a43127-bd7f-4406-8487-79029aad0672', '2', 7, 'ITM-00137', 'Premium Paper', '8.5x11', 4913, 'UV Coating', '4/4 Color', '8.5x11', 584.96, 584.96, NULL, NULL, '2 Business days', 2, NULL, '18:00:00', FALSE, TRUE, NULL, NOW(), NOW()),
(138, 72, 'JOB-000138', 'Job 138', 'PENDING', '31a91af4-f95a-4bf9-b533-937cb6fd4251', '2', 7, 'ITM-00138', 'Premium Paper', '8.5x11', 2827, 'UV Coating', '4/4 Color', '8.5x11', 256.49, 256.49, NULL, NULL, '2 Business days', 2, NULL, '18:00:00', FALSE, TRUE, NULL, NOW(), NOW()),
(139, 72, 'JOB-000139', 'Job 139', 'SHIPPING', '31a91af4-f95a-4bf9-b533-937cb6fd4251', NULL, 7, 'ITM-00139', 'Premium Paper', '8.5x11', 1061, 'UV Coating', '4/4 Color', '8.5x11', 602.57, 602.57, NULL, NULL, '2 Business days', 2, NULL, '18:00:00', FALSE, TRUE, NULL, NOW(), NOW()),
(140, 73, 'JOB-000140', 'Job 140', 'BATCHED_CUTTING', '60b42677-b5cd-4c8a-be0c-06aab521404f', '3', 20, 'ITM-00140', 'Premium Paper', '8.5x11', 1775, 'UV Coating', '4/4 Color', '8.5x11', 329.37, 329.37, NULL, NULL, '2 Business days', 2, NULL, '18:00:00', FALSE, TRUE, NULL, NOW(), NOW()),
(141, 74, 'JOB-000141', 'Job 141', 'BINDERY', 'a8659b38-f31b-4fe0-b7a4-477dad18eccd', '3', 13, 'ITM-00141', 'Premium Paper', '8.5x11', 3919, 'UV Coating', '4/4 Color', '8.5x11', 436.25, 436.25, NULL, NULL, '2 Business days', 2, NULL, '18:00:00', FALSE, TRUE, NULL, NOW(), NOW()),
(142, 74, 'JOB-000142', 'Job 142', 'EMBOSSING', 'a8659b38-f31b-4fe0-b7a4-477dad18eccd', NULL, 9, 'ITM-00142', 'Premium Paper', '8.5x11', 3046, 'UV Coating', '4/4 Color', '8.5x11', 420.00, 420.00, NULL, NULL, '2 Business days', 2, NULL, '18:00:00', FALSE, TRUE, NULL, NOW(), NOW()),
(143, 75, 'JOB-000143', 'Job 143', 'BINDERY', 'a789b802-b710-4879-89ce-0f1a7bd69579', '3', 16, 'ITM-00143', 'Premium Paper', '8.5x11', 2723, 'UV Coating', '4/4 Color', '8.5x11', 733.18, 733.18, NULL, NULL, '2 Business days', 2, NULL, '18:00:00', FALSE, TRUE, NULL, NOW(), NOW()),
(144, 76, 'JOB-000144', 'Job 144', 'APPROVED', 'a77636f2-d2ee-4c08-9305-05329b1affe4', '2', 2, 'ITM-00144', 'Premium Paper', '8.5x11', 4708, 'UV Coating', '4/4 Color', '8.5x11', 693.99, 693.99, NULL, NULL, '2 Business days', 2, NULL, '18:00:00', FALSE, TRUE, NULL, NOW(), NOW()),
(145, 76, 'JOB-000145', 'Job 145', 'BUYOUT', 'a77636f2-d2ee-4c08-9305-05329b1affe4', NULL, 1, 'ITM-00145', 'Premium Paper', '8.5x11', 2236, 'UV Coating', '4/4 Color', '8.5x11', 451.58, 451.58, NULL, NULL, '2 Business days', 2, NULL, '18:00:00', FALSE, TRUE, NULL, NOW(), NOW()),
(146, 77, 'JOB-000146', 'Job 146', 'SADDLE_STITCH', '0378701b-a115-4f6c-a8cd-2a93611e7ecd', '2', 5, 'ITM-00146', 'Premium Paper', '8.5x11', 1707, 'UV Coating', '4/4 Color', '8.5x11', 277.29, 277.29, NULL, NULL, '2 Business days', 2, NULL, '18:00:00', FALSE, TRUE, NULL, NOW(), NOW()),
(147, 77, 'JOB-000147', 'Job 147', 'SHIPPED', '0378701b-a115-4f6c-a8cd-2a93611e7ecd', '3', 16, 'ITM-00147', 'Premium Paper', '8.5x11', 4610, 'UV Coating', '4/4 Color', '8.5x11', 530.59, 530.59, NULL, NULL, '2 Business days', 2, NULL, '18:00:00', FALSE, TRUE, NULL, NOW(), NOW()),
(148, 78, 'JOB-000148', 'Job 148', 'APPROVED', '1ef1d818-c65c-4fc9-b91e-3303cae294d4', '3', 16, 'ITM-00148', 'Premium Paper', '8.5x11', 4118, 'UV Coating', '4/4 Color', '8.5x11', 379.45, 379.45, NULL, NULL, '2 Business days', 2, NULL, '18:00:00', FALSE, TRUE, NULL, NOW(), NOW()),
(149, 78, 'JOB-000149', 'Job 149', 'EMBOSSING', '1ef1d818-c65c-4fc9-b91e-3303cae294d4', '2', 6, 'ITM-00149', 'Premium Paper', '8.5x11', 1246, 'UV Coating', '4/4 Color', '8.5x11', 581.84, 581.84, NULL, NULL, '2 Business days', 2, NULL, '18:00:00', FALSE, TRUE, NULL, NOW(), NOW()),
(150, 79, 'JOB-000150', 'Job 150', 'HOLD', '04e19995-6619-4a39-ab80-87f268455e08', '1', 2, 'ITM-00150', 'Premium Paper', '8.5x11', 4392, 'UV Coating', '4/4 Color', '8.5x11', 46.38, 46.38, NULL, NULL, '2 Business days', 2, NULL, '18:00:00', FALSE, TRUE, NULL, NOW(), NOW()),
(151, 79, 'JOB-000151', 'Job 151', 'CANCELED', '04e19995-6619-4a39-ab80-87f268455e08', '2', 2, 'ITM-00151', 'Premium Paper', '8.5x11', 152, 'UV Coating', '4/4 Color', '8.5x11', 341.67, 341.67, NULL, NULL, '2 Business days', 2, NULL, '18:00:00', FALSE, TRUE, NULL, NOW(), NOW()),
(152, 79, 'JOB-000152', 'Job 152', 'FOIL_STAMPING', '04e19995-6619-4a39-ab80-87f268455e08', NULL, 3, 'ITM-00152', 'Premium Paper', '8.5x11', 1337, 'UV Coating', '4/4 Color', '8.5x11', 27.13, 27.13, NULL, NULL, '2 Business days', 2, NULL, '18:00:00', FALSE, TRUE, NULL, NOW(), NOW()),
(153, 80, 'JOB-000153', 'Job 153', 'PENDING', '4125f301-d29a-4113-8a54-4d9fd3b09f6b', '1', 2, 'ITM-00153', 'Premium Paper', '8.5x11', 4058, 'UV Coating', '4/4 Color', '8.5x11', 534.24, 534.24, NULL, NULL, '2 Business days', 2, NULL, '18:00:00', FALSE, TRUE, NULL, NOW(), NOW()),
(154, 80, 'JOB-000154', 'Job 154', 'PENDING', '4125f301-d29a-4113-8a54-4d9fd3b09f6b', '3', 18, 'ITM-00154', 'Premium Paper', '8.5x11', 4619, 'UV Coating', '4/4 Color', '8.5x11', 340.84, 340.84, NULL, NULL, '2 Business days', 2, NULL, '18:00:00', FALSE, TRUE, NULL, NOW(), NOW()),
(155, 81, 'JOB-000155', 'Job 155', 'READY', 'be11a518-6faa-49c0-ad57-a73810a1f866', NULL, 10, 'ITM-00155', 'Premium Paper', '8.5x11', 240, 'UV Coating', '4/4 Color', '8.5x11', 411.73, 411.73, NULL, NULL, '2 Business days', 2, NULL, '18:00:00', FALSE, TRUE, NULL, NOW(), NOW()),
(156, 81, 'JOB-000156', 'Job 156', 'FOIL_STAMPING', 'be11a518-6faa-49c0-ad57-a73810a1f866', '2', 6, 'ITM-00156', 'Premium Paper', '8.5x11', 976, 'UV Coating', '4/4 Color', '8.5x11', 736.08, 736.08, NULL, NULL, '2 Business days', 2, NULL, '18:00:00', FALSE, TRUE, NULL, NOW(), NOW()),
(157, 81, 'JOB-000157', 'Job 157', 'COATING', 'be11a518-6faa-49c0-ad57-a73810a1f866', '3', 8, 'ITM-00157', 'Premium Paper', '8.5x11', 1672, 'UV Coating', '4/4 Color', '8.5x11', 503.43, 503.43, NULL, NULL, '2 Business days', 2, NULL, '18:00:00', FALSE, TRUE, NULL, NOW(), NOW()),
(158, 82, 'JOB-000158', 'Job 158', 'SADDLE_STITCH', '620e212f-df98-4e82-b7c5-986480dcf013', NULL, 13, 'ITM-00158', 'Premium Paper', '8.5x11', 747, 'UV Coating', '4/4 Color', '8.5x11', 310.98, 310.98, NULL, NULL, '2 Business days', 2, NULL, '18:00:00', FALSE, TRUE, NULL, NOW(), NOW()),
(159, 82, 'JOB-000159', 'Job 159', 'BATCHED_CUTTING', '620e212f-df98-4e82-b7c5-986480dcf013', '3', 19, 'ITM-00159', 'Premium Paper', '8.5x11', 2092, 'UV Coating', '4/4 Color', '8.5x11', 792.38, 792.38, NULL, NULL, '2 Business days', 2, NULL, '18:00:00', FALSE, TRUE, NULL, NOW(), NOW()),
(160, 83, 'JOB-000160', 'Job 160', 'SADDLE_STITCH', '856b9538-4c97-4288-aae7-378169074685', NULL, 3, 'ITM-00160', 'Premium Paper', '8.5x11', 359, 'UV Coating', '4/4 Color', '8.5x11', 92.93, 92.93, NULL, NULL, '2 Business days', 2, NULL, '18:00:00', FALSE, TRUE, NULL, NOW(), NOW()),
(161, 83, 'JOB-000161', 'Job 161', 'PENDING', '856b9538-4c97-4288-aae7-378169074685', '2', 18, 'ITM-00161', 'Premium Paper', '8.5x11', 3999, 'UV Coating', '4/4 Color', '8.5x11', 63.77, 63.77, NULL, NULL, '2 Business days', 2, NULL, '18:00:00', FALSE, TRUE, NULL, NOW(), NOW()),
(162, 83, 'JOB-000162', 'Job 162', 'READY_FOR_DELIVERY', '856b9538-4c97-4288-aae7-378169074685', '3', 3, 'ITM-00162', 'Premium Paper', '8.5x11', 4194, 'UV Coating', '4/4 Color', '8.5x11', 679.36, 679.36, NULL, NULL, '2 Business days', 2, NULL, '18:00:00', FALSE, TRUE, NULL, NOW(), NOW()),
(163, 84, 'JOB-000163', 'Job 163', 'BATCHED_CUTTING', '6da63b1d-eacd-4da0-b11e-62552a774764', '2', 4, 'ITM-00163', 'Premium Paper', '8.5x11', 4426, 'UV Coating', '4/4 Color', '8.5x11', 736.94, 736.94, NULL, NULL, '2 Business days', 2, NULL, '18:00:00', FALSE, TRUE, NULL, NOW(), NOW()),
(164, 84, 'JOB-000164', 'Job 164', 'PDF-REQUEST', '6da63b1d-eacd-4da0-b11e-62552a774764', '3', 19, 'ITM-00164', 'Premium Paper', '8.5x11', 3995, 'UV Coating', '4/4 Color', '8.5x11', 231.45, 231.45, NULL, NULL, '2 Business days', 2, NULL, '18:00:00', FALSE, TRUE, NULL, NOW(), NOW()),
(165, 84, 'JOB-000165', 'Job 165', 'PLATED', '6da63b1d-eacd-4da0-b11e-62552a774764', '3', 18, 'ITM-00165', 'Premium Paper', '8.5x11', 4716, 'UV Coating', '4/4 Color', '8.5x11', 533.33, 533.33, NULL, NULL, '2 Business days', 2, NULL, '18:00:00', FALSE, TRUE, NULL, NOW(), NOW()),
(166, 85, 'JOB-000166', 'Job 166', 'CANCELED', 'c350f117-4ba6-4ffd-b512-b7a343330d61', NULL, 7, 'ITM-00166', 'Premium Paper', '8.5x11', 4908, 'UV Coating', '4/4 Color', '8.5x11', 132.47, 132.47, NULL, NULL, '2 Business days', 2, NULL, '18:00:00', FALSE, TRUE, NULL, NOW(), NOW()),
(167, 86, 'JOB-000167', 'Job 167', 'BUYOUT', '0bd83e5d-f468-44d4-8dc7-1f62663fb092', NULL, 10, 'ITM-00167', 'Premium Paper', '8.5x11', 1430, 'UV Coating', '4/4 Color', '8.5x11', 459.89, 459.89, NULL, NULL, '2 Business days', 2, NULL, '18:00:00', FALSE, TRUE, NULL, NOW(), NOW()),
(168, 87, 'JOB-000168', 'Job 168', 'APPROVED', '47b1c0f0-9373-4c23-8282-659569c62890', '2', 18, 'ITM-00168', 'Premium Paper', '8.5x11', 2817, 'UV Coating', '4/4 Color', '8.5x11', 319.40, 319.40, NULL, NULL, '2 Business days', 2, NULL, '18:00:00', FALSE, TRUE, NULL, NOW(), NOW()),
(169, 87, 'JOB-000169', 'Job 169', 'BINDERY', '47b1c0f0-9373-4c23-8282-659569c62890', '1', 3, 'ITM-00169', 'Premium Paper', '8.5x11', 4202, 'UV Coating', '4/4 Color', '8.5x11', 601.46, 601.46, NULL, NULL, '2 Business days', 2, NULL, '18:00:00', FALSE, TRUE, NULL, NOW(), NOW()),
(170, 87, 'JOB-000170', 'Job 170', 'PDF-REQUEST', '47b1c0f0-9373-4c23-8282-659569c62890', '3', 4, 'ITM-00170', 'Premium Paper', '8.5x11', 3680, 'UV Coating', '4/4 Color', '8.5x11', 201.07, 201.07, NULL, NULL, '2 Business days', 2, NULL, '18:00:00', FALSE, TRUE, NULL, NOW(), NOW()),
(171, 88, 'JOB-000171', 'Job 171', 'SHIPPING', '86405452-13bb-484e-8ab3-7f294c3e0ac7', '3', 20, 'ITM-00171', 'Premium Paper', '8.5x11', 4979, 'UV Coating', '4/4 Color', '8.5x11', 329.43, 329.43, NULL, NULL, '2 Business days', 2, NULL, '18:00:00', FALSE, TRUE, NULL, NOW(), NOW()),
(172, 88, 'JOB-000172', 'Job 172', 'DIE_CUTTING', '86405452-13bb-484e-8ab3-7f294c3e0ac7', NULL, 1, 'ITM-00172', 'Premium Paper', '8.5x11', 2339, 'UV Coating', '4/4 Color', '8.5x11', 631.17, 631.17, NULL, NULL, '2 Business days', 2, NULL, '18:00:00', FALSE, TRUE, NULL, NOW(), NOW()),
(173, 88, 'JOB-000173', 'Job 173', 'SADDLE_STITCH', '86405452-13bb-484e-8ab3-7f294c3e0ac7', NULL, 8, 'ITM-00173', 'Premium Paper', '8.5x11', 3014, 'UV Coating', '4/4 Color', '8.5x11', 451.37, 451.37, NULL, NULL, '2 Business days', 2, NULL, '18:00:00', FALSE, TRUE, NULL, NOW(), NOW()),
(174, 89, 'JOB-000174', 'Job 174', 'READY_FOR_PICKUP', '65358672-4d38-42fd-8da3-79e144448191', '3', 19, 'ITM-00174', 'Premium Paper', '8.5x11', 3213, 'UV Coating', '4/4 Color', '8.5x11', 86.84, 86.84, NULL, NULL, '2 Business days', 2, NULL, '18:00:00', FALSE, TRUE, NULL, NOW(), NOW()),
(175, 90, 'JOB-000175', 'Job 175', 'SADDLE_STITCH', '7a135300-c929-4878-ae76-6f202a8ef9e0', '2', 3, 'ITM-00175', 'Premium Paper', '8.5x11', 772, 'UV Coating', '4/4 Color', '8.5x11', 229.02, 229.02, NULL, NULL, '2 Business days', 2, NULL, '18:00:00', FALSE, TRUE, NULL, NOW(), NOW()),
(176, 91, 'JOB-000176', 'Job 176', 'PDF-REQUEST', '03b4c069-87e2-494a-b400-21cbcb187b86', '1', 13, 'ITM-00176', 'Premium Paper', '8.5x11', 2694, 'UV Coating', '4/4 Color', '8.5x11', 301.35, 301.35, NULL, NULL, '2 Business days', 2, NULL, '18:00:00', FALSE, TRUE, NULL, NOW(), NOW()),
(177, 91, 'JOB-000177', 'Job 177', 'COATING', '03b4c069-87e2-494a-b400-21cbcb187b86', '1', 10, 'ITM-00177', 'Premium Paper', '8.5x11', 3743, 'UV Coating', '4/4 Color', '8.5x11', 300.74, 300.74, NULL, NULL, '2 Business days', 2, NULL, '18:00:00', FALSE, TRUE, NULL, NOW(), NOW()),
(178, 91, 'JOB-000178', 'Job 178', 'DIE_CUTTING', '03b4c069-87e2-494a-b400-21cbcb187b86', NULL, 5, 'ITM-00178', 'Premium Paper', '8.5x11', 815, 'UV Coating', '4/4 Color', '8.5x11', 166.17, 166.17, NULL, NULL, '2 Business days', 2, NULL, '18:00:00', FALSE, TRUE, NULL, NOW(), NOW()),
(179, 92, 'JOB-000179', 'Job 179', 'PDF-REQUEST', '4d170827-0a4a-4e03-9678-a4a146efa6fc', '3', 1, 'ITM-00179', 'Premium Paper', '8.5x11', 834, 'UV Coating', '4/4 Color', '8.5x11', 296.05, 296.05, NULL, NULL, '2 Business days', 2, NULL, '18:00:00', FALSE, TRUE, NULL, NOW(), NOW()),
(180, 93, 'JOB-000180', 'Job 180', 'SHIPPING', '78e06f33-dfe9-4361-9643-20f9b82cd9f3', '1', 1, 'ITM-00180', 'Premium Paper', '8.5x11', 2490, 'UV Coating', '4/4 Color', '8.5x11', 342.77, 342.77, NULL, NULL, '2 Business days', 2, NULL, '18:00:00', FALSE, TRUE, NULL, NOW(), NOW()),
(181, 93, 'JOB-000181', 'Job 181', 'PLATED', '78e06f33-dfe9-4361-9643-20f9b82cd9f3', NULL, 18, 'ITM-00181', 'Premium Paper', '8.5x11', 2088, 'UV Coating', '4/4 Color', '8.5x11', 466.13, 466.13, NULL, NULL, '2 Business days', 2, NULL, '18:00:00', FALSE, TRUE, NULL, NOW(), NOW()),
(182, 94, 'JOB-000182', 'Job 182', 'EMBOSSING', 'cd945de4-7bf5-416f-9a76-4da7951ab25c', '2', 5, 'ITM-00182', 'Premium Paper', '8.5x11', 2302, 'UV Coating', '4/4 Color', '8.5x11', 254.88, 254.88, NULL, NULL, '2 Business days', 2, NULL, '18:00:00', FALSE, TRUE, NULL, NOW(), NOW()),
(183, 95, 'JOB-000183', 'Job 183', 'LAMINATING', '31a5a452-05f5-4c97-a38a-2af53d088e5e', NULL, 6, 'ITM-00183', 'Premium Paper', '8.5x11', 3660, 'UV Coating', '4/4 Color', '8.5x11', 235.25, 235.25, NULL, NULL, '2 Business days', 2, NULL, '18:00:00', FALSE, TRUE, NULL, NOW(), NOW()),
(184, 96, 'JOB-000184', 'Job 184', 'APPROVED', 'ae73c7b8-1cda-4edb-8a72-93a196cef1d5', NULL, 12, 'ITM-00184', 'Premium Paper', '8.5x11', 2161, 'UV Coating', '4/4 Color', '8.5x11', 756.49, 756.49, NULL, NULL, '2 Business days', 2, NULL, '18:00:00', FALSE, TRUE, NULL, NOW(), NOW()),
(185, 97, 'JOB-000185', 'Job 185', 'BATCHED', '063e26ec-e33f-44da-a20a-b62196768e8d', '3', 20, 'ITM-00185', 'Premium Paper', '8.5x11', 1701, 'UV Coating', '4/4 Color', '8.5x11', 377.13, 377.13, NULL, NULL, '2 Business days', 2, NULL, '18:00:00', FALSE, TRUE, NULL, NOW(), NOW()),
(186, 97, 'JOB-000186', 'Job 186', 'READY_FOR_PICKUP', '063e26ec-e33f-44da-a20a-b62196768e8d', NULL, 1, 'ITM-00186', 'Premium Paper', '8.5x11', 3341, 'UV Coating', '4/4 Color', '8.5x11', 279.13, 279.13, NULL, NULL, '2 Business days', 2, NULL, '18:00:00', FALSE, TRUE, NULL, NOW(), NOW()),
(187, 97, 'JOB-000187', 'Job 187', 'CANCELED', '063e26ec-e33f-44da-a20a-b62196768e8d', '2', 11, 'ITM-00187', 'Premium Paper', '8.5x11', 3706, 'UV Coating', '4/4 Color', '8.5x11', 281.09, 281.09, NULL, NULL, '2 Business days', 2, NULL, '18:00:00', FALSE, TRUE, NULL, NOW(), NOW()),
(188, 98, 'JOB-000188', 'Job 188', 'PLATED', '47c61b66-fbf0-4209-875d-a3efdba2a5eb', NULL, 11, 'ITM-00188', 'Premium Paper', '8.5x11', 1745, 'UV Coating', '4/4 Color', '8.5x11', 393.63, 393.63, NULL, NULL, '2 Business days', 2, NULL, '18:00:00', FALSE, TRUE, NULL, NOW(), NOW()),
(189, 98, 'JOB-000189', 'Job 189', 'READY_FOR_DELIVERY', '47c61b66-fbf0-4209-875d-a3efdba2a5eb', NULL, 11, 'ITM-00189', 'Premium Paper', '8.5x11', 2487, 'UV Coating', '4/4 Color', '8.5x11', 593.20, 593.20, NULL, NULL, '2 Business days', 2, NULL, '18:00:00', FALSE, TRUE, NULL, NOW(), NOW()),
(190, 99, 'JOB-000190', 'Job 190', 'CANCELED', 'bc6f05d9-d6f7-4108-b5bb-8585f822cace', NULL, 8, 'ITM-00190', 'Premium Paper', '8.5x11', 2769, 'UV Coating', '4/4 Color', '8.5x11', 313.32, 313.32, NULL, NULL, '2 Business days', 2, NULL, '18:00:00', FALSE, TRUE, NULL, NOW(), NOW()),
(191, 99, 'JOB-000191', 'Job 191', 'PRESS', 'bc6f05d9-d6f7-4108-b5bb-8585f822cace', '2', 12, 'ITM-00191', 'Premium Paper', '8.5x11', 1032, 'UV Coating', '4/4 Color', '8.5x11', 747.01, 747.01, NULL, NULL, '2 Business days', 2, NULL, '18:00:00', FALSE, TRUE, NULL, NOW(), NOW()),
(192, 99, 'JOB-000192', 'Job 192', 'DIE_CUTTING', 'bc6f05d9-d6f7-4108-b5bb-8585f822cace', '2', 18, 'ITM-00192', 'Premium Paper', '8.5x11', 320, 'UV Coating', '4/4 Color', '8.5x11', 763.34, 763.34, NULL, NULL, '2 Business days', 2, NULL, '18:00:00', FALSE, TRUE, NULL, NOW(), NOW()),
(193, 100, 'JOB-000193', 'Job 193', 'COMPLETE', '4ff3fab1-1948-431a-9844-4748aaa97ecd', NULL, 10, 'ITM-00193', 'Premium Paper', '8.5x11', 666, 'UV Coating', '4/4 Color', '8.5x11', 658.79, 658.79, NULL, NULL, '2 Business days', 2, NULL, '18:00:00', FALSE, TRUE, NULL, NOW(), NOW()),
(194, 100, 'JOB-000194', 'Job 194', 'BATCHED_CUTTING', '4ff3fab1-1948-431a-9844-4748aaa97ecd', '3', 16, 'ITM-00194', 'Premium Paper', '8.5x11', 1240, 'UV Coating', '4/4 Color', '8.5x11', 514.00, 514.00, NULL, NULL, '2 Business days', 2, NULL, '18:00:00', FALSE, TRUE, NULL, NOW(), NOW());

INSERT INTO order_management_orderitemmemo (id, order_item_id, note, status, printing_adjustment, shipping_adjustment, adjustment_type, total_adjustment, created_at, updated_at) VALUES
(1, 4, 'Adjustment memo 1', 'PENDING', 99.16, 14.38, 'REFUND', 113.54, NOW(), NOW()),
(2, 9, 'Adjustment memo 2', 'PENDING', 97.16, 21.05, 'NONE', 0.00, NOW(), NOW()),
(3, 12, 'Adjustment memo 3', 'PENDING', 32.34, 19.94, 'ADDITIONAL', 52.28, NOW(), NOW()),
(4, 14, 'Adjustment memo 4', 'PENDING', 98.52, 20.32, 'REFUND', 118.84, NOW(), NOW()),
(5, 18, 'Adjustment memo 5', 'PENDING', 18.87, 6.66, 'NONE', 0.00, NOW(), NOW()),
(6, 28, 'Adjustment memo 6', 'PENDING', 19.41, 12.48, 'ADDITIONAL', 31.89, NOW(), NOW()),
(7, 29, 'Adjustment memo 7', 'PENDING', 94.66, 4.25, 'REFUND', 98.91, NOW(), NOW()),
(8, 34, 'Adjustment memo 8', 'PENDING', 74.98, 13.57, 'ADDITIONAL', 88.55, NOW(), NOW()),
(9, 37, 'Adjustment memo 9', 'PENDING', 86.43, 19.44, 'NONE', 0.00, NOW(), NOW()),
(10, 55, 'Adjustment memo 10', 'PENDING', 29.33, 8.35, 'NONE', 0.00, NOW(), NOW()),
(11, 57, 'Adjustment memo 11', 'PENDING', 19.16, 26.16, 'ADDITIONAL', 45.32, NOW(), NOW()),
(12, 60, 'Adjustment memo 12', 'PENDING', 70.36, 14.68, 'NONE', 0.00, NOW(), NOW()),
(13, 64, 'Adjustment memo 13', 'PENDING', 41.68, 13.74, 'ADDITIONAL', 55.42, NOW(), NOW()),
(14, 69, 'Adjustment memo 14', 'PENDING', 22.06, 3.54, 'REFUND', 25.60, NOW(), NOW()),
(15, 70, 'Adjustment memo 15', 'PENDING', 43.60, 4.24, 'REFUND', 47.84, NOW(), NOW()),
(16, 72, 'Adjustment memo 16', 'PENDING', 44.53, 5.57, 'NONE', 0.00, NOW(), NOW()),
(17, 97, 'Adjustment memo 17', 'PENDING', 30.24, 8.66, 'REFUND', 38.90, NOW(), NOW()),
(18, 116, 'Adjustment memo 18', 'PENDING', 33.65, 25.87, 'ADDITIONAL', 59.52, NOW(), NOW()),
(19, 127, 'Adjustment memo 19', 'PENDING', 28.60, 6.21, 'ADDITIONAL', 34.81, NOW(), NOW()),
(20, 139, 'Adjustment memo 20', 'PENDING', 77.51, 12.35, 'ADDITIONAL', 89.86, NOW(), NOW()),
(21, 142, 'Adjustment memo 21', 'PENDING', 87.95, 7.49, 'NONE', 0.00, NOW(), NOW()),
(22, 147, 'Adjustment memo 22', 'PENDING', 66.92, 18.83, 'REFUND', 85.75, NOW(), NOW()),
(23, 151, 'Adjustment memo 23', 'PENDING', 56.41, 8.35, 'REFUND', 64.76, NOW(), NOW()),
(24, 157, 'Adjustment memo 24', 'PENDING', 97.49, 19.05, 'NONE', 0.00, NOW(), NOW()),
(25, 159, 'Adjustment memo 25', 'PENDING', 58.10, 6.53, 'REFUND', 64.63, NOW(), NOW()),
(26, 165, 'Adjustment memo 26', 'PENDING', 86.72, 23.65, 'NONE', 0.00, NOW(), NOW()),
(27, 167, 'Adjustment memo 27', 'PENDING', 66.36, 25.10, 'ADDITIONAL', 91.46, NOW(), NOW()),
(28, 168, 'Adjustment memo 28', 'PENDING', 87.19, 13.24, 'ADDITIONAL', 100.43, NOW(), NOW()),
(29, 177, 'Adjustment memo 29', 'PENDING', 42.44, 2.47, 'NONE', 0.00, NOW(), NOW()),
(30, 186, 'Adjustment memo 30', 'PENDING', 52.91, 3.98, 'ADDITIONAL', 56.89, NOW(), NOW()),
(31, 189, 'Adjustment memo 31', 'PENDING', 40.92, 3.62, 'REFUND', 44.54, NOW(), NOW()),
(32, 193, 'Adjustment memo 32', 'PENDING', 82.54, 3.10, 'REFUND', 85.64, NOW(), NOW());

INSERT INTO payment_management_payment (id, amount, status, method, type, trans_id, order_id, card_number, job_change_id, transactions_history, user_id, created_at, updated_at) VALUES
(1, 1690.57, 'FAILED', 'CARD', 'PAYMENT', 'TXN-EB1C76C3A2B0', 1, NULL, NULL, NULL, 3, NOW(), NOW()),
(2, 633.06, 'PENDING', 'POINTS', 'PAYMENT', 'TXN-3A19EB66273C', 2, NULL, NULL, NULL, 10, NOW(), NOW()),
(3, 2337.66, 'SUCCESS', 'CARD', 'PAYMENT', 'TXN-2F72FB769E0B', 3, NULL, NULL, NULL, 8, NOW(), NOW()),
(4, 148.12, 'SUCCESS', 'POINTS', 'PAYMENT', 'TXN-247F9BB55EF8', 4, NULL, NULL, NULL, 3, NOW(), NOW()),
(5, 132.21, 'PENDING', 'CASH', 'PAYMENT', 'TXN-D1EB1498C148', 5, NULL, NULL, NULL, 4, NOW(), NOW()),
(6, 1404.36, 'FAILED', 'ONLINE', 'PAYMENT', 'TXN-C5A9E0574FDD', 6, NULL, NULL, NULL, 2, NOW(), NOW()),
(7, 2022.74, 'SUCCESS', 'CARD', 'PAYMENT', 'TXN-0A36C2F55995', 7, NULL, NULL, NULL, 7, NOW(), NOW()),
(8, 1922.81, 'PENDING', 'POINTS', 'PAYMENT', 'TXN-186BFBAA760B', 8, NULL, NULL, NULL, 2, NOW(), NOW()),
(9, 2621.28, 'SUCCESS', 'CASH', 'PAYMENT', 'TXN-8FE3839BE8EC', 9, NULL, NULL, NULL, 10, NOW(), NOW()),
(11, 2192.04, 'PENDING', 'POINTS', 'PAYMENT', 'TXN-3BEC2632AB9E', 11, NULL, NULL, NULL, 5, NOW(), NOW()),
(12, 2570.94, 'FAILED', 'ONLINE', 'PAYMENT', 'TXN-7CE103A1F9AD', 12, NULL, NULL, NULL, 4, NOW(), NOW()),
(13, 2162.68, 'PENDING', 'ONLINE', 'PAYMENT', 'TXN-C8AF9976B63B', 13, NULL, NULL, NULL, 1, NOW(), NOW()),
(14, 1685.92, 'SUCCESS', 'POINTS', 'PAYMENT', 'TXN-B4DFF7422CB3', 14, NULL, NULL, NULL, 4, NOW(), NOW()),
(15, 688.18, 'SUCCESS', 'CHEQUE', 'PAYMENT', 'TXN-305B725350D8', 15, NULL, NULL, NULL, 1, NOW(), NOW()),
(16, 630.46, 'SUCCESS', 'CHEQUE', 'PAYMENT', 'TXN-CFCCD1728D90', 16, NULL, NULL, NULL, 10, NOW(), NOW()),
(17, 1715.16, 'SUCCESS', 'CASH', 'PAYMENT', 'TXN-4ADCFF970365', 17, NULL, NULL, NULL, 3, NOW(), NOW()),
(18, 480.66, 'PENDING', 'CHEQUE', 'PAYMENT', 'TXN-9A11DB3838D6', 18, NULL, NULL, NULL, 2, NOW(), NOW()),
(19, 1830.42, 'SUCCESS', 'POINTS', 'PAYMENT', 'TXN-8C273AED3EFE', 19, NULL, NULL, NULL, 1, NOW(), NOW()),
(20, 1927.78, 'SUCCESS', 'ONLINE', 'PAYMENT', 'TXN-7423F1FEF1B5', 20, NULL, NULL, NULL, 9, NOW(), NOW()),
(21, 2655.66, 'FAILED', 'POINTS', 'PAYMENT', 'TXN-46C5FBEFB267', 21, NULL, NULL, NULL, 2, NOW(), NOW()),
(22, 1834.41, 'SUCCESS', 'CASH', 'PAYMENT', 'TXN-444DCDABEB42', 22, NULL, NULL, NULL, 3, NOW(), NOW()),
(23, 602.80, 'PENDING', 'CARD', 'PAYMENT', 'TXN-647F3F721F7C', 23, NULL, NULL, NULL, 9, NOW(), NOW()),
(24, 592.96, 'FAILED', 'CASH', 'PAYMENT', 'TXN-4B3D0AFA31BF', 24, NULL, NULL, NULL, 7, NOW(), NOW()),
(25, 2282.27, 'FAILED', 'CARD', 'PAYMENT', 'TXN-A07D4815FDDE', 25, NULL, NULL, NULL, 7, NOW(), NOW()),
(26, 1149.89, 'SUCCESS', 'CASH', 'PAYMENT', 'TXN-B3E1E78750F2', 26, NULL, NULL, NULL, 2, NOW(), NOW()),
(27, 673.57, 'PENDING', 'CHEQUE', 'PAYMENT', 'TXN-8321A3E687E1', 27, NULL, NULL, NULL, 10, NOW(), NOW()),
(28, 650.00, 'PENDING', 'CASH', 'PAYMENT', 'TXN-0A7713FFF4E4', 28, NULL, NULL, NULL, 3, NOW(), NOW()),
(29, 930.87, 'PENDING', 'ONLINE', 'PAYMENT', 'TXN-467B22499082', 29, NULL, NULL, NULL, 1, NOW(), NOW()),
(31, 364.00, 'PENDING', 'CHEQUE', 'PAYMENT', 'TXN-7CB74707955E', 31, NULL, NULL, NULL, 5, NOW(), NOW()),
(32, 1098.90, 'FAILED', 'CASH', 'PAYMENT', 'TXN-6A16A2AA2A6E', 32, NULL, NULL, NULL, 5, NOW(), NOW()),
(33, 2565.70, 'SUCCESS', 'ONLINE', 'PAYMENT', 'TXN-686FBF91AD5F', 33, NULL, NULL, NULL, 1, NOW(), NOW()),
(34, 2177.81, 'SUCCESS', 'POINTS', 'PAYMENT', 'TXN-ED9B02F9207A', 34, NULL, NULL, NULL, 2, NOW(), NOW()),
(35, 1887.16, 'SUCCESS', 'POINTS', 'PAYMENT', 'TXN-306A6BE18CC0', 35, NULL, NULL, NULL, 8, NOW(), NOW()),
(36, 1674.15, 'FAILED', 'CARD', 'PAYMENT', 'TXN-E43CA6244BDD', 36, NULL, NULL, NULL, 8, NOW(), NOW()),
(37, 1219.88, 'PENDING', 'POINTS', 'PAYMENT', 'TXN-D1DE06C9CAF0', 37, NULL, NULL, NULL, 5, NOW(), NOW()),
(38, 793.43, 'PENDING', 'POINTS', 'PAYMENT', 'TXN-E26766435050', 38, NULL, NULL, NULL, 2, NOW(), NOW()),
(39, 2545.38, 'PENDING', 'CASH', 'PAYMENT', 'TXN-E871E52C806E', 39, NULL, NULL, NULL, 1, NOW(), NOW()),
(40, 1810.31, 'PENDING', 'CARD', 'PAYMENT', 'TXN-3C6514EFA7FE', 40, NULL, NULL, NULL, 7, NOW(), NOW()),
(43, 228.23, 'PENDING', 'CHEQUE', 'PAYMENT', 'TXN-91DCFC49ADA5', 43, NULL, NULL, NULL, 7, NOW(), NOW()),
(44, 2291.89, 'SUCCESS', 'CASH', 'PAYMENT', 'TXN-654ACEC0A215', 44, NULL, NULL, NULL, 6, NOW(), NOW()),
(45, 2512.11, 'FAILED', 'CASH', 'PAYMENT', 'TXN-B8177DD74FF7', 45, NULL, NULL, NULL, 2, NOW(), NOW()),
(46, 1186.86, 'PENDING', 'ONLINE', 'PAYMENT', 'TXN-E67EA65F4E00', 46, NULL, NULL, NULL, 9, NOW(), NOW()),
(47, 1998.53, 'SUCCESS', 'CHEQUE', 'PAYMENT', 'TXN-17C5DF1CCE13', 47, NULL, NULL, NULL, 8, NOW(), NOW()),
(48, 1363.27, 'SUCCESS', 'CASH', 'PAYMENT', 'TXN-4C7BACC9E28E', 48, NULL, NULL, NULL, 9, NOW(), NOW()),
(49, 1091.45, 'FAILED', 'CHEQUE', 'PAYMENT', 'TXN-961AB81DA4E5', 49, NULL, NULL, NULL, 5, NOW(), NOW()),
(50, 1950.65, 'SUCCESS', 'CHEQUE', 'PAYMENT', 'TXN-667D99E7633E', 50, NULL, NULL, NULL, 4, NOW(), NOW()),
(51, 2697.82, 'PENDING', 'POINTS', 'PAYMENT', 'TXN-B860020C5121', 51, NULL, NULL, NULL, 8, NOW(), NOW()),
(52, 1394.57, 'PENDING', 'CASH', 'PAYMENT', 'TXN-B3D4BA07712D', 52, NULL, NULL, NULL, 4, NOW(), NOW()),
(54, 527.64, 'SUCCESS', 'CASH', 'PAYMENT', 'TXN-CA83519BF1E2', 54, NULL, NULL, NULL, 9, NOW(), NOW()),
(56, 231.57, 'FAILED', 'CHEQUE', 'PAYMENT', 'TXN-2166174E8571', 56, NULL, NULL, NULL, 7, NOW(), NOW()),
(57, 468.06, 'PENDING', 'ONLINE', 'PAYMENT', 'TXN-5DEBB917BC87', 57, NULL, NULL, NULL, 9, NOW(), NOW()),
(58, 1472.08, 'PENDING', 'CHEQUE', 'PAYMENT', 'TXN-872D0EB65490', 58, NULL, NULL, NULL, 1, NOW(), NOW()),
(59, 2200.54, 'FAILED', 'ONLINE', 'PAYMENT', 'TXN-6D8BD55551D4', 59, NULL, NULL, NULL, 4, NOW(), NOW()),
(60, 1162.32, 'SUCCESS', 'CASH', 'PAYMENT', 'TXN-796F7C9C7D95', 60, NULL, NULL, NULL, 6, NOW(), NOW()),
(61, 1879.64, 'PENDING', 'ONLINE', 'PAYMENT', 'TXN-6509E28D4E23', 61, NULL, NULL, NULL, 9, NOW(), NOW()),
(62, 347.63, 'PENDING', 'ONLINE', 'PAYMENT', 'TXN-E0F03B857F10', 62, NULL, NULL, NULL, 10, NOW(), NOW()),
(63, 2333.19, 'PENDING', 'CHEQUE', 'PAYMENT', 'TXN-554F68B24075', 63, NULL, NULL, NULL, 3, NOW(), NOW()),
(64, 1249.20, 'SUCCESS', 'CHEQUE', 'PAYMENT', 'TXN-3A746F1EF114', 64, NULL, NULL, NULL, 6, NOW(), NOW()),
(65, 769.51, 'PENDING', 'CASH', 'PAYMENT', 'TXN-45E7EF9D320A', 65, NULL, NULL, NULL, 5, NOW(), NOW()),
(67, 2624.23, 'PENDING', 'CARD', 'PAYMENT', 'TXN-6714F61FFC5C', 67, NULL, NULL, NULL, 10, NOW(), NOW()),
(68, 2606.73, 'SUCCESS', 'CHEQUE', 'PAYMENT', 'TXN-97759E2E4ED2', 68, NULL, NULL, NULL, 8, NOW(), NOW()),
(69, 1287.00, 'SUCCESS', 'CARD', 'PAYMENT', 'TXN-51D29BC408A0', 69, NULL, NULL, NULL, 9, NOW(), NOW()),
(70, 208.73, 'SUCCESS', 'CASH', 'PAYMENT', 'TXN-23DEC7C029C9', 70, NULL, NULL, NULL, 8, NOW(), NOW()),
(71, 784.47, 'FAILED', 'POINTS', 'PAYMENT', 'TXN-913C52826538', 71, NULL, NULL, NULL, 5, NOW(), NOW()),
(72, 1113.36, 'PENDING', 'CASH', 'PAYMENT', 'TXN-6421157775CE', 72, NULL, NULL, NULL, 6, NOW(), NOW()),
(73, 1607.50, 'SUCCESS', 'POINTS', 'PAYMENT', 'TXN-3E6D97C6130D', 73, NULL, NULL, NULL, 6, NOW(), NOW()),
(74, 870.91, 'SUCCESS', 'CARD', 'PAYMENT', 'TXN-B9A8F6464414', 74, NULL, NULL, NULL, 5, NOW(), NOW()),
(75, 1597.48, 'SUCCESS', 'POINTS', 'PAYMENT', 'TXN-938767C0063D', 75, NULL, NULL, NULL, 7, NOW(), NOW()),
(76, 1497.02, 'PENDING', 'ONLINE', 'PAYMENT', 'TXN-87B33892236F', 76, NULL, NULL, NULL, 4, NOW(), NOW()),
(77, 614.91, 'PENDING', 'CASH', 'PAYMENT', 'TXN-709CFF660103', 77, NULL, NULL, NULL, 3, NOW(), NOW()),
(78, 531.55, 'PENDING', 'CARD', 'PAYMENT', 'TXN-082C3BE704A8', 78, NULL, NULL, NULL, 4, NOW(), NOW()),
(80, 670.71, 'FAILED', 'POINTS', 'PAYMENT', 'TXN-BC083258D88C', 80, NULL, NULL, NULL, 2, NOW(), NOW()),
(81, 1144.90, 'PENDING', 'CASH', 'PAYMENT', 'TXN-8A3B0B0B24E0', 81, NULL, NULL, NULL, 2, NOW(), NOW()),
(82, 2405.62, 'PENDING', 'CASH', 'PAYMENT', 'TXN-B3BBA29F01DC', 82, NULL, NULL, NULL, 8, NOW(), NOW()),
(85, 246.52, 'SUCCESS', 'CASH', 'PAYMENT', 'TXN-3CEE8C40D205', 85, NULL, NULL, NULL, 1, NOW(), NOW()),
(86, 2655.50, 'SUCCESS', 'ONLINE', 'PAYMENT', 'TXN-351A3094B39E', 86, NULL, NULL, NULL, 10, NOW(), NOW()),
(87, 716.64, 'FAILED', 'ONLINE', 'PAYMENT', 'TXN-B884820005B1', 87, NULL, NULL, NULL, 7, NOW(), NOW()),
(88, 2406.34, 'PENDING', 'CHEQUE', 'PAYMENT', 'TXN-3A00D784FBEC', 88, NULL, NULL, NULL, 4, NOW(), NOW()),
(89, 2241.94, 'PENDING', 'POINTS', 'PAYMENT', 'TXN-12E7927BBBFE', 89, NULL, NULL, NULL, 3, NOW(), NOW()),
(90, 2770.48, 'FAILED', 'CHEQUE', 'PAYMENT', 'TXN-6B79AB9F46BC', 90, NULL, NULL, NULL, 4, NOW(), NOW()),
(91, 2121.27, 'SUCCESS', 'CASH', 'PAYMENT', 'TXN-468780398182', 91, NULL, NULL, NULL, 9, NOW(), NOW()),
(92, 2535.22, 'PENDING', 'ONLINE', 'PAYMENT', 'TXN-B18890961125', 92, NULL, NULL, NULL, 7, NOW(), NOW()),
(93, 399.29, 'PENDING', 'POINTS', 'PAYMENT', 'TXN-3CE979E483DA', 93, NULL, NULL, NULL, 9, NOW(), NOW()),
(94, 1726.65, 'FAILED', 'CHEQUE', 'PAYMENT', 'TXN-E1CC3DB9400F', 94, NULL, NULL, NULL, 7, NOW(), NOW()),
(95, 1669.43, 'SUCCESS', 'POINTS', 'PAYMENT', 'TXN-3F136134A762', 95, NULL, NULL, NULL, 8, NOW(), NOW()),
(96, 2566.65, 'SUCCESS', 'CARD', 'PAYMENT', 'TXN-F66CCF267AAA', 96, NULL, NULL, NULL, 7, NOW(), NOW()),
(97, 1218.83, 'PENDING', 'CASH', 'PAYMENT', 'TXN-9D2215B6CBA3', 97, NULL, NULL, NULL, 10, NOW(), NOW()),
(99, 2012.29, 'SUCCESS', 'POINTS', 'PAYMENT', 'TXN-3C11F007A980', 99, NULL, NULL, NULL, 1, NOW(), NOW()),
(100, 70.70, 'PENDING', 'CARD', 'PAYMENT', 'TXN-173644F76382', 100, NULL, NULL, NULL, 10, NOW(), NOW());

INSERT INTO payment_management_pendingrefund (id, order_id, payment_id, amount, card_number, status, transaction_id, error_message, retry_count, points, created_at, updated_at) VALUES
(1, 13, 34, 134.804, '****5366', 'PENDING', 'REF-B8607AB0830F', NULL, 0, NULL, NOW(), NOW()),
(2, 98, 31, 119.382, '****7363', 'COMPLETED', 'REF-CDEC67898119', NULL, 0, NULL, NOW(), NOW()),
(3, 23, 24, 54.945, '****6210', 'COMPLETED', 'REF-F1428BD2BD58', NULL, 0, NULL, NOW(), NOW()),
(4, 76, 4, 143.656, '****6761', 'PROCESSING', 'REF-B768E0FD2AAF', NULL, 0, NULL, NOW(), NOW()),
(5, 73, 26, 168.972, '****9064', 'COMPLETED', 'REF-2705765EE3B2', NULL, 0, NULL, NOW(), NOW()),
(6, 23, 70, 17.213, '****1920', 'PROCESSING', 'REF-B30228E1C0BB', NULL, 0, NULL, NOW(), NOW()),
(7, 78, 31, 13.786, '****8831', 'PENDING', 'REF-7476D2F8AA5C', NULL, 0, NULL, NOW(), NOW()),
(8, 43, 89, 48.278, '****3137', 'COMPLETED', 'REF-40F513C17FB4', NULL, 0, NULL, NOW(), NOW()),
(9, 92, 24, 184.568, '****6301', 'PENDING', 'REF-E8CFB898448C', NULL, 0, NULL, NOW(), NOW()),
(10, 3, 20, 121.456, '****3320', 'PENDING', 'REF-61AEE3F6B239', NULL, 0, NULL, NOW(), NOW());

INSERT INTO coupon_management_coupon (id, coupon_code, coupon_on, coupon_type, coupon_value, max_discount, coupon_start_date, coupon_expiry_date, limit_per_user, limit_per_coupon, coupon_description, created_at, updated_at) VALUES
(1, 'COUPON001', 'combined', 'fixed', 29.01, 43.62, '2026-05-01 23:59:59', '2026-07-30 23:59:59', -1, -1, 'Sample coupon 1', NOW(), NOW()),
(2, 'COUPON002', 'combined', 'fixed', 19.65, 40.29, '2026-05-01 23:59:59', '2026-07-30 23:59:59', -1, -1, 'Sample coupon 2', NOW(), NOW()),
(3, 'COUPON003', 'shipping', 'percentage', 24.52, 75.91, '2026-05-01 23:59:59', '2026-07-30 23:59:59', -1, -1, 'Sample coupon 3', NOW(), NOW()),
(4, 'COUPON004', 'shipping', 'fixed', 21.23, 25.68, '2026-05-01 23:59:59', '2026-07-30 23:59:59', -1, -1, 'Sample coupon 4', NOW(), NOW()),
(5, 'COUPON005', 'combined', 'fixed', 10.58, 63.01, '2026-05-01 23:59:59', '2026-07-30 23:59:59', -1, -1, 'Sample coupon 5', NOW(), NOW()),
(6, 'COUPON006', 'product', 'fixed', 12.67, 71.96, '2026-05-01 23:59:59', '2026-07-30 23:59:59', -1, -1, 'Sample coupon 6', NOW(), NOW()),
(7, 'COUPON007', 'product', 'percentage', 19.58, 95.39, '2026-05-01 23:59:59', '2026-07-30 23:59:59', -1, -1, 'Sample coupon 7', NOW(), NOW()),
(8, 'COUPON008', 'combined', 'fixed', 26.27, 79.37, '2026-05-01 23:59:59', '2026-07-30 23:59:59', -1, -1, 'Sample coupon 8', NOW(), NOW()),
(9, 'COUPON009', 'combined', 'percentage', 8.64, 38.64, '2026-05-01 23:59:59', '2026-07-30 23:59:59', -1, -1, 'Sample coupon 9', NOW(), NOW()),
(10, 'COUPON010', 'combined', 'percentage', 17.79, 19.37, '2026-05-01 23:59:59', '2026-07-30 23:59:59', -1, -1, 'Sample coupon 10', NOW(), NOW());

INSERT INTO coupon_management_coupon_products (id, coupon_id, product_id) VALUES
(1, 1, 5),
(2, 1, 11),
(3, 1, 3),
(4, 1, 8),
(5, 2, 11),
(6, 2, 6),
(7, 2, 3),
(8, 3, 15),
(9, 3, 1),
(10, 3, 9),
(11, 4, 8),
(12, 4, 3),
(13, 5, 9),
(14, 5, 4),
(15, 5, 1),
(16, 6, 13),
(17, 7, 14),
(18, 7, 6),
(19, 7, 20),
(20, 7, 16),
(21, 8, 12),
(22, 8, 18),
(23, 8, 13),
(24, 8, 4),
(25, 9, 19),
(26, 9, 8),
(27, 9, 6),
(28, 9, 15),
(29, 10, 2);

INSERT INTO coupon_management_couponusage (id, coupon_id, user_id, order_id, status, created_at, updated_at) VALUES
(1, 9, 5, 38, 'REVERSED', NOW(), NOW()),
(2, 5, 5, 3, 'RESERVED', NOW(), NOW()),
(3, 2, 1, 41, 'CONFIRMED', NOW(), NOW()),
(4, 10, 9, 34, 'CONFIRMED', NOW(), NOW()),
(5, 3, 1, 14, 'CONFIRMED', NOW(), NOW()),
(6, 1, 7, 10, 'RESERVED', NOW(), NOW()),
(7, 5, 10, 44, 'CONFIRMED', NOW(), NOW()),
(8, 4, 2, 22, 'RESERVED', NOW(), NOW()),
(9, 4, 3, 49, 'REVERSED', NOW(), NOW()),
(10, 5, 2, 21, 'CONFIRMED', NOW(), NOW()),
(11, 2, 5, 95, 'CONFIRMED', NOW(), NOW()),
(12, 8, 8, 71, 'REVERSED', NOW(), NOW()),
(13, 5, 2, 12, 'REVERSED', NOW(), NOW()),
(14, 9, 7, 94, 'RESERVED', NOW(), NOW()),
(15, 6, 7, 77, 'CONFIRMED', NOW(), NOW()),
(16, 3, 8, 79, 'RESERVED', NOW(), NOW()),
(17, 5, 8, 62, 'CONFIRMED', NOW(), NOW()),
(18, 5, 4, 4, 'CONFIRMED', NOW(), NOW()),
(19, 10, 1, 56, 'RESERVED', NOW(), NOW()),
(20, 2, 2, 93, 'REVERSED', NOW(), NOW()),
(21, 6, 9, 78, 'CONFIRMED', NOW(), NOW()),
(22, 10, 4, 82, 'REVERSED', NOW(), NOW()),
(23, 1, 7, 91, 'REVERSED', NOW(), NOW()),
(24, 7, 9, 7, 'REVERSED', NOW(), NOW()),
(25, 8, 10, 13, 'RESERVED', NOW(), NOW()),
(26, 8, 5, 43, 'RESERVED', NOW(), NOW()),
(27, 7, 1, 27, 'REVERSED', NOW(), NOW()),
(28, 10, 9, 25, 'REVERSED', NOW(), NOW()),
(29, 10, 3, 53, 'RESERVED', NOW(), NOW()),
(30, 8, 3, 89, 'RESERVED', NOW(), NOW());